cross_pair_hotspot_id	chr	start	stop	pair	pair_present	n_pairs	MHC_flag	recurrent_hotspot	multi_axis_hotspot	pan_domain_hotspot
PH3B0_CH031	1	35201627	36855139	CD__BMI	0	1	False	False	False	False
PH3B0_CH031	1	35201627	36855139	CD__CAD	0	1	False	False	False	False
PH3B0_CH031	1	35201627	36855139	CD__T2D	0	1	False	False	False	False
PH3B0_CH031	1	35201627	36855139	PsA__BMI	0	1	False	False	False	False
PH3B0_CH031	1	35201627	36855139	PsA__CAD	0	1	False	False	False	False
PH3B0_CH031	1	35201627	36855139	PsA__T2D	0	1	False	False	False	False
PH3B0_CH031	1	35201627	36855139	UC__BMI	0	1	False	False	False	False
PH3B0_CH031	1	35201627	36855139	UC__CAD	0	1	False	False	False	False
PH3B0_CH031	1	35201627	36855139	UC__T2D	0	1	False	False	False	False
PH3B0_CH031	1	35201627	36855139	CD__Anxiety	0	1	False	False	False	False
PH3B0_CH031	1	35201627	36855139	CD__MDD	0	1	False	False	False	False
PH3B0_CH031	1	35201627	36855139	CD__PTSD	0	1	False	False	False	False
PH3B0_CH031	1	35201627	36855139	PsA__Anxiety	0	1	False	False	False	False
PH3B0_CH031	1	35201627	36855139	PsA__MDD	0	1	False	False	False	False
PH3B0_CH031	1	35201627	36855139	PsA__PTSD	0	1	False	False	False	False
PH3B0_CH031	1	35201627	36855139	UC__Anxiety	0	1	False	False	False	False
PH3B0_CH031	1	35201627	36855139	UC__MDD	0	1	False	False	False	False
PH3B0_CH031	1	35201627	36855139	UC__PTSD	0	1	False	False	False	False
PH3B0_CH031	1	35201627	36855139	BMI__Anxiety	0	1	False	False	False	False
PH3B0_CH031	1	35201627	36855139	BMI__MDD	0	1	False	False	False	False
PH3B0_CH031	1	35201627	36855139	BMI__PTSD	0	1	False	False	False	False
PH3B0_CH031	1	35201627	36855139	CAD__Anxiety	0	1	False	False	False	False
PH3B0_CH031	1	35201627	36855139	CAD__MDD	1	1	False	False	False	False
PH3B0_CH031	1	35201627	36855139	CAD__PTSD	0	1	False	False	False	False
PH3B0_CH031	1	35201627	36855139	T2D__Anxiety	0	1	False	False	False	False
PH3B0_CH031	1	35201627	36855139	T2D__MDD	0	1	False	False	False	False
PH3B0_CH031	1	35201627	36855139	T2D__PTSD	0	1	False	False	False	False
PH3B0_CH057	1	49185415	51777577	CD__BMI	0	1	False	False	False	False
PH3B0_CH057	1	49185415	51777577	CD__CAD	0	1	False	False	False	False
PH3B0_CH057	1	49185415	51777577	CD__T2D	0	1	False	False	False	False
PH3B0_CH057	1	49185415	51777577	PsA__BMI	0	1	False	False	False	False
PH3B0_CH057	1	49185415	51777577	PsA__CAD	0	1	False	False	False	False
PH3B0_CH057	1	49185415	51777577	PsA__T2D	0	1	False	False	False	False
PH3B0_CH057	1	49185415	51777577	UC__BMI	1	1	False	False	False	False
PH3B0_CH057	1	49185415	51777577	UC__CAD	0	1	False	False	False	False
PH3B0_CH057	1	49185415	51777577	UC__T2D	0	1	False	False	False	False
PH3B0_CH057	1	49185415	51777577	CD__Anxiety	0	1	False	False	False	False
PH3B0_CH057	1	49185415	51777577	CD__MDD	0	1	False	False	False	False
PH3B0_CH057	1	49185415	51777577	CD__PTSD	0	1	False	False	False	False
PH3B0_CH057	1	49185415	51777577	PsA__Anxiety	0	1	False	False	False	False
PH3B0_CH057	1	49185415	51777577	PsA__MDD	0	1	False	False	False	False
PH3B0_CH057	1	49185415	51777577	PsA__PTSD	0	1	False	False	False	False
PH3B0_CH057	1	49185415	51777577	UC__Anxiety	0	1	False	False	False	False
PH3B0_CH057	1	49185415	51777577	UC__MDD	0	1	False	False	False	False
PH3B0_CH057	1	49185415	51777577	UC__PTSD	0	1	False	False	False	False
PH3B0_CH057	1	49185415	51777577	BMI__Anxiety	0	1	False	False	False	False
PH3B0_CH057	1	49185415	51777577	BMI__MDD	0	1	False	False	False	False
PH3B0_CH057	1	49185415	51777577	BMI__PTSD	0	1	False	False	False	False
PH3B0_CH057	1	49185415	51777577	CAD__Anxiety	0	1	False	False	False	False
PH3B0_CH057	1	49185415	51777577	CAD__MDD	0	1	False	False	False	False
PH3B0_CH057	1	49185415	51777577	CAD__PTSD	0	1	False	False	False	False
PH3B0_CH057	1	49185415	51777577	T2D__Anxiety	0	1	False	False	False	False
PH3B0_CH057	1	49185415	51777577	T2D__MDD	0	1	False	False	False	False
PH3B0_CH057	1	49185415	51777577	T2D__PTSD	0	1	False	False	False	False
PH3B0_CH006	1	68633861	69438909	CD__BMI	0	1	False	False	False	False
PH3B0_CH006	1	68633861	69438909	CD__CAD	0	1	False	False	False	False
PH3B0_CH006	1	68633861	69438909	CD__T2D	0	1	False	False	False	False
PH3B0_CH006	1	68633861	69438909	PsA__BMI	0	1	False	False	False	False
PH3B0_CH006	1	68633861	69438909	PsA__CAD	0	1	False	False	False	False
PH3B0_CH006	1	68633861	69438909	PsA__T2D	0	1	False	False	False	False
PH3B0_CH006	1	68633861	69438909	UC__BMI	0	1	False	False	False	False
PH3B0_CH006	1	68633861	69438909	UC__CAD	0	1	False	False	False	False
PH3B0_CH006	1	68633861	69438909	UC__T2D	0	1	False	False	False	False
PH3B0_CH006	1	68633861	69438909	CD__Anxiety	0	1	False	False	False	False
PH3B0_CH006	1	68633861	69438909	CD__MDD	0	1	False	False	False	False
PH3B0_CH006	1	68633861	69438909	CD__PTSD	0	1	False	False	False	False
PH3B0_CH006	1	68633861	69438909	PsA__Anxiety	0	1	False	False	False	False
PH3B0_CH006	1	68633861	69438909	PsA__MDD	0	1	False	False	False	False
PH3B0_CH006	1	68633861	69438909	PsA__PTSD	0	1	False	False	False	False
PH3B0_CH006	1	68633861	69438909	UC__Anxiety	0	1	False	False	False	False
PH3B0_CH006	1	68633861	69438909	UC__MDD	0	1	False	False	False	False
PH3B0_CH006	1	68633861	69438909	UC__PTSD	0	1	False	False	False	False
PH3B0_CH006	1	68633861	69438909	BMI__Anxiety	0	1	False	False	False	False
PH3B0_CH006	1	68633861	69438909	BMI__MDD	1	1	False	False	False	False
PH3B0_CH006	1	68633861	69438909	BMI__PTSD	0	1	False	False	False	False
PH3B0_CH006	1	68633861	69438909	CAD__Anxiety	0	1	False	False	False	False
PH3B0_CH006	1	68633861	69438909	CAD__MDD	0	1	False	False	False	False
PH3B0_CH006	1	68633861	69438909	CAD__PTSD	0	1	False	False	False	False
PH3B0_CH006	1	68633861	69438909	T2D__Anxiety	0	1	False	False	False	False
PH3B0_CH006	1	68633861	69438909	T2D__MDD	0	1	False	False	False	False
PH3B0_CH006	1	68633861	69438909	T2D__PTSD	0	1	False	False	False	False
PH3B0_CH007	1	72513120	73992170	CD__BMI	0	1	False	False	False	False
PH3B0_CH007	1	72513120	73992170	CD__CAD	0	1	False	False	False	False
PH3B0_CH007	1	72513120	73992170	CD__T2D	0	1	False	False	False	False
PH3B0_CH007	1	72513120	73992170	PsA__BMI	0	1	False	False	False	False
PH3B0_CH007	1	72513120	73992170	PsA__CAD	0	1	False	False	False	False
PH3B0_CH007	1	72513120	73992170	PsA__T2D	0	1	False	False	False	False
PH3B0_CH007	1	72513120	73992170	UC__BMI	0	1	False	False	False	False
PH3B0_CH007	1	72513120	73992170	UC__CAD	0	1	False	False	False	False
PH3B0_CH007	1	72513120	73992170	UC__T2D	0	1	False	False	False	False
PH3B0_CH007	1	72513120	73992170	CD__Anxiety	0	1	False	False	False	False
PH3B0_CH007	1	72513120	73992170	CD__MDD	0	1	False	False	False	False
PH3B0_CH007	1	72513120	73992170	CD__PTSD	0	1	False	False	False	False
PH3B0_CH007	1	72513120	73992170	PsA__Anxiety	0	1	False	False	False	False
PH3B0_CH007	1	72513120	73992170	PsA__MDD	0	1	False	False	False	False
PH3B0_CH007	1	72513120	73992170	PsA__PTSD	0	1	False	False	False	False
PH3B0_CH007	1	72513120	73992170	UC__Anxiety	0	1	False	False	False	False
PH3B0_CH007	1	72513120	73992170	UC__MDD	0	1	False	False	False	False
PH3B0_CH007	1	72513120	73992170	UC__PTSD	0	1	False	False	False	False
PH3B0_CH007	1	72513120	73992170	BMI__Anxiety	0	1	False	False	False	False
PH3B0_CH007	1	72513120	73992170	BMI__MDD	1	1	False	False	False	False
PH3B0_CH007	1	72513120	73992170	BMI__PTSD	0	1	False	False	False	False
PH3B0_CH007	1	72513120	73992170	CAD__Anxiety	0	1	False	False	False	False
PH3B0_CH007	1	72513120	73992170	CAD__MDD	0	1	False	False	False	False
PH3B0_CH007	1	72513120	73992170	CAD__PTSD	0	1	False	False	False	False
PH3B0_CH007	1	72513120	73992170	T2D__Anxiety	0	1	False	False	False	False
PH3B0_CH007	1	72513120	73992170	T2D__MDD	0	1	False	False	False	False
PH3B0_CH007	1	72513120	73992170	T2D__PTSD	0	1	False	False	False	False
PH3B0_CH052	1	92904466	94168576	CD__BMI	0	1	False	False	False	False
PH3B0_CH052	1	92904466	94168576	CD__CAD	0	1	False	False	False	False
PH3B0_CH052	1	92904466	94168576	CD__T2D	0	1	False	False	False	False
PH3B0_CH052	1	92904466	94168576	PsA__BMI	0	1	False	False	False	False
PH3B0_CH052	1	92904466	94168576	PsA__CAD	0	1	False	False	False	False
PH3B0_CH052	1	92904466	94168576	PsA__T2D	0	1	False	False	False	False
PH3B0_CH052	1	92904466	94168576	UC__BMI	0	1	False	False	False	False
PH3B0_CH052	1	92904466	94168576	UC__CAD	0	1	False	False	False	False
PH3B0_CH052	1	92904466	94168576	UC__T2D	0	1	False	False	False	False
PH3B0_CH052	1	92904466	94168576	CD__Anxiety	0	1	False	False	False	False
PH3B0_CH052	1	92904466	94168576	CD__MDD	0	1	False	False	False	False
PH3B0_CH052	1	92904466	94168576	CD__PTSD	0	1	False	False	False	False
PH3B0_CH052	1	92904466	94168576	PsA__Anxiety	0	1	False	False	False	False
PH3B0_CH052	1	92904466	94168576	PsA__MDD	0	1	False	False	False	False
PH3B0_CH052	1	92904466	94168576	PsA__PTSD	0	1	False	False	False	False
PH3B0_CH052	1	92904466	94168576	UC__Anxiety	0	1	False	False	False	False
PH3B0_CH052	1	92904466	94168576	UC__MDD	0	1	False	False	False	False
PH3B0_CH052	1	92904466	94168576	UC__PTSD	0	1	False	False	False	False
PH3B0_CH052	1	92904466	94168576	BMI__Anxiety	0	1	False	False	False	False
PH3B0_CH052	1	92904466	94168576	BMI__MDD	0	1	False	False	False	False
PH3B0_CH052	1	92904466	94168576	BMI__PTSD	0	1	False	False	False	False
PH3B0_CH052	1	92904466	94168576	CAD__Anxiety	0	1	False	False	False	False
PH3B0_CH052	1	92904466	94168576	CAD__MDD	0	1	False	False	False	False
PH3B0_CH052	1	92904466	94168576	CAD__PTSD	0	1	False	False	False	False
PH3B0_CH052	1	92904466	94168576	T2D__Anxiety	0	1	False	False	False	False
PH3B0_CH052	1	92904466	94168576	T2D__MDD	1	1	False	False	False	False
PH3B0_CH052	1	92904466	94168576	T2D__PTSD	0	1	False	False	False	False
PH3B0_CH042	1	113418038	114664387	CD__BMI	0	1	False	False	False	False
PH3B0_CH042	1	113418038	114664387	CD__CAD	1	1	False	False	False	False
PH3B0_CH042	1	113418038	114664387	CD__T2D	0	1	False	False	False	False
PH3B0_CH042	1	113418038	114664387	PsA__BMI	0	1	False	False	False	False
PH3B0_CH042	1	113418038	114664387	PsA__CAD	0	1	False	False	False	False
PH3B0_CH042	1	113418038	114664387	PsA__T2D	0	1	False	False	False	False
PH3B0_CH042	1	113418038	114664387	UC__BMI	0	1	False	False	False	False
PH3B0_CH042	1	113418038	114664387	UC__CAD	0	1	False	False	False	False
PH3B0_CH042	1	113418038	114664387	UC__T2D	0	1	False	False	False	False
PH3B0_CH042	1	113418038	114664387	CD__Anxiety	0	1	False	False	False	False
PH3B0_CH042	1	113418038	114664387	CD__MDD	0	1	False	False	False	False
PH3B0_CH042	1	113418038	114664387	CD__PTSD	0	1	False	False	False	False
PH3B0_CH042	1	113418038	114664387	PsA__Anxiety	0	1	False	False	False	False
PH3B0_CH042	1	113418038	114664387	PsA__MDD	0	1	False	False	False	False
PH3B0_CH042	1	113418038	114664387	PsA__PTSD	0	1	False	False	False	False
PH3B0_CH042	1	113418038	114664387	UC__Anxiety	0	1	False	False	False	False
PH3B0_CH042	1	113418038	114664387	UC__MDD	0	1	False	False	False	False
PH3B0_CH042	1	113418038	114664387	UC__PTSD	0	1	False	False	False	False
PH3B0_CH042	1	113418038	114664387	BMI__Anxiety	0	1	False	False	False	False
PH3B0_CH042	1	113418038	114664387	BMI__MDD	0	1	False	False	False	False
PH3B0_CH042	1	113418038	114664387	BMI__PTSD	0	1	False	False	False	False
PH3B0_CH042	1	113418038	114664387	CAD__Anxiety	0	1	False	False	False	False
PH3B0_CH042	1	113418038	114664387	CAD__MDD	0	1	False	False	False	False
PH3B0_CH042	1	113418038	114664387	CAD__PTSD	0	1	False	False	False	False
PH3B0_CH042	1	113418038	114664387	T2D__Anxiety	0	1	False	False	False	False
PH3B0_CH042	1	113418038	114664387	T2D__MDD	0	1	False	False	False	False
PH3B0_CH042	1	113418038	114664387	T2D__PTSD	0	1	False	False	False	False
PH3B0_CH046	1	120345067	145803848	CD__BMI	0	1	False	False	False	False
PH3B0_CH046	1	120345067	145803848	CD__CAD	0	1	False	False	False	False
PH3B0_CH046	1	120345067	145803848	CD__T2D	1	1	False	False	False	False
PH3B0_CH046	1	120345067	145803848	PsA__BMI	0	1	False	False	False	False
PH3B0_CH046	1	120345067	145803848	PsA__CAD	0	1	False	False	False	False
PH3B0_CH046	1	120345067	145803848	PsA__T2D	0	1	False	False	False	False
PH3B0_CH046	1	120345067	145803848	UC__BMI	0	1	False	False	False	False
PH3B0_CH046	1	120345067	145803848	UC__CAD	0	1	False	False	False	False
PH3B0_CH046	1	120345067	145803848	UC__T2D	0	1	False	False	False	False
PH3B0_CH046	1	120345067	145803848	CD__Anxiety	0	1	False	False	False	False
PH3B0_CH046	1	120345067	145803848	CD__MDD	0	1	False	False	False	False
PH3B0_CH046	1	120345067	145803848	CD__PTSD	0	1	False	False	False	False
PH3B0_CH046	1	120345067	145803848	PsA__Anxiety	0	1	False	False	False	False
PH3B0_CH046	1	120345067	145803848	PsA__MDD	0	1	False	False	False	False
PH3B0_CH046	1	120345067	145803848	PsA__PTSD	0	1	False	False	False	False
PH3B0_CH046	1	120345067	145803848	UC__Anxiety	0	1	False	False	False	False
PH3B0_CH046	1	120345067	145803848	UC__MDD	0	1	False	False	False	False
PH3B0_CH046	1	120345067	145803848	UC__PTSD	0	1	False	False	False	False
PH3B0_CH046	1	120345067	145803848	BMI__Anxiety	0	1	False	False	False	False
PH3B0_CH046	1	120345067	145803848	BMI__MDD	0	1	False	False	False	False
PH3B0_CH046	1	120345067	145803848	BMI__PTSD	0	1	False	False	False	False
PH3B0_CH046	1	120345067	145803848	CAD__Anxiety	0	1	False	False	False	False
PH3B0_CH046	1	120345067	145803848	CAD__MDD	0	1	False	False	False	False
PH3B0_CH046	1	120345067	145803848	CAD__PTSD	0	1	False	False	False	False
PH3B0_CH046	1	120345067	145803848	T2D__Anxiety	0	1	False	False	False	False
PH3B0_CH046	1	120345067	145803848	T2D__MDD	0	1	False	False	False	False
PH3B0_CH046	1	120345067	145803848	T2D__PTSD	0	1	False	False	False	False
PH3B0_CH037	1	196179111	197935821	CD__BMI	0	1	False	False	False	False
PH3B0_CH037	1	196179111	197935821	CD__CAD	0	1	False	False	False	False
PH3B0_CH037	1	196179111	197935821	CD__T2D	0	1	False	False	False	False
PH3B0_CH037	1	196179111	197935821	PsA__BMI	0	1	False	False	False	False
PH3B0_CH037	1	196179111	197935821	PsA__CAD	0	1	False	False	False	False
PH3B0_CH037	1	196179111	197935821	PsA__T2D	0	1	False	False	False	False
PH3B0_CH037	1	196179111	197935821	UC__BMI	0	1	False	False	False	False
PH3B0_CH037	1	196179111	197935821	UC__CAD	0	1	False	False	False	False
PH3B0_CH037	1	196179111	197935821	UC__T2D	0	1	False	False	False	False
PH3B0_CH037	1	196179111	197935821	CD__Anxiety	1	1	False	False	False	False
PH3B0_CH037	1	196179111	197935821	CD__MDD	0	1	False	False	False	False
PH3B0_CH037	1	196179111	197935821	CD__PTSD	0	1	False	False	False	False
PH3B0_CH037	1	196179111	197935821	PsA__Anxiety	0	1	False	False	False	False
PH3B0_CH037	1	196179111	197935821	PsA__MDD	0	1	False	False	False	False
PH3B0_CH037	1	196179111	197935821	PsA__PTSD	0	1	False	False	False	False
PH3B0_CH037	1	196179111	197935821	UC__Anxiety	0	1	False	False	False	False
PH3B0_CH037	1	196179111	197935821	UC__MDD	0	1	False	False	False	False
PH3B0_CH037	1	196179111	197935821	UC__PTSD	0	1	False	False	False	False
PH3B0_CH037	1	196179111	197935821	BMI__Anxiety	0	1	False	False	False	False
PH3B0_CH037	1	196179111	197935821	BMI__MDD	0	1	False	False	False	False
PH3B0_CH037	1	196179111	197935821	BMI__PTSD	0	1	False	False	False	False
PH3B0_CH037	1	196179111	197935821	CAD__Anxiety	0	1	False	False	False	False
PH3B0_CH037	1	196179111	197935821	CAD__MDD	0	1	False	False	False	False
PH3B0_CH037	1	196179111	197935821	CAD__PTSD	0	1	False	False	False	False
PH3B0_CH037	1	196179111	197935821	T2D__Anxiety	0	1	False	False	False	False
PH3B0_CH037	1	196179111	197935821	T2D__MDD	0	1	False	False	False	False
PH3B0_CH037	1	196179111	197935821	T2D__PTSD	0	1	False	False	False	False
PH3B0_CH008	1	201067953	202583884	CD__BMI	0	1	False	False	False	False
PH3B0_CH008	1	201067953	202583884	CD__CAD	0	1	False	False	False	False
PH3B0_CH008	1	201067953	202583884	CD__T2D	0	1	False	False	False	False
PH3B0_CH008	1	201067953	202583884	PsA__BMI	0	1	False	False	False	False
PH3B0_CH008	1	201067953	202583884	PsA__CAD	0	1	False	False	False	False
PH3B0_CH008	1	201067953	202583884	PsA__T2D	0	1	False	False	False	False
PH3B0_CH008	1	201067953	202583884	UC__BMI	0	1	False	False	False	False
PH3B0_CH008	1	201067953	202583884	UC__CAD	0	1	False	False	False	False
PH3B0_CH008	1	201067953	202583884	UC__T2D	0	1	False	False	False	False
PH3B0_CH008	1	201067953	202583884	CD__Anxiety	0	1	False	False	False	False
PH3B0_CH008	1	201067953	202583884	CD__MDD	0	1	False	False	False	False
PH3B0_CH008	1	201067953	202583884	CD__PTSD	0	1	False	False	False	False
PH3B0_CH008	1	201067953	202583884	PsA__Anxiety	0	1	False	False	False	False
PH3B0_CH008	1	201067953	202583884	PsA__MDD	0	1	False	False	False	False
PH3B0_CH008	1	201067953	202583884	PsA__PTSD	0	1	False	False	False	False
PH3B0_CH008	1	201067953	202583884	UC__Anxiety	0	1	False	False	False	False
PH3B0_CH008	1	201067953	202583884	UC__MDD	0	1	False	False	False	False
PH3B0_CH008	1	201067953	202583884	UC__PTSD	0	1	False	False	False	False
PH3B0_CH008	1	201067953	202583884	BMI__Anxiety	0	1	False	False	False	False
PH3B0_CH008	1	201067953	202583884	BMI__MDD	1	1	False	False	False	False
PH3B0_CH008	1	201067953	202583884	BMI__PTSD	0	1	False	False	False	False
PH3B0_CH008	1	201067953	202583884	CAD__Anxiety	0	1	False	False	False	False
PH3B0_CH008	1	201067953	202583884	CAD__MDD	0	1	False	False	False	False
PH3B0_CH008	1	201067953	202583884	CAD__PTSD	0	1	False	False	False	False
PH3B0_CH008	1	201067953	202583884	T2D__Anxiety	0	1	False	False	False	False
PH3B0_CH008	1	201067953	202583884	T2D__MDD	0	1	False	False	False	False
PH3B0_CH008	1	201067953	202583884	T2D__PTSD	0	1	False	False	False	False
PH3B0_CH009	2	5568654	6306606	CD__BMI	0	3	False	True	False	False
PH3B0_CH009	2	5568654	6306606	CD__CAD	0	3	False	True	False	False
PH3B0_CH009	2	5568654	6306606	CD__T2D	0	3	False	True	False	False
PH3B0_CH009	2	5568654	6306606	PsA__BMI	0	3	False	True	False	False
PH3B0_CH009	2	5568654	6306606	PsA__CAD	0	3	False	True	False	False
PH3B0_CH009	2	5568654	6306606	PsA__T2D	0	3	False	True	False	False
PH3B0_CH009	2	5568654	6306606	UC__BMI	0	3	False	True	False	False
PH3B0_CH009	2	5568654	6306606	UC__CAD	0	3	False	True	False	False
PH3B0_CH009	2	5568654	6306606	UC__T2D	0	3	False	True	False	False
PH3B0_CH009	2	5568654	6306606	CD__Anxiety	0	3	False	True	False	False
PH3B0_CH009	2	5568654	6306606	CD__MDD	0	3	False	True	False	False
PH3B0_CH009	2	5568654	6306606	CD__PTSD	0	3	False	True	False	False
PH3B0_CH009	2	5568654	6306606	PsA__Anxiety	0	3	False	True	False	False
PH3B0_CH009	2	5568654	6306606	PsA__MDD	0	3	False	True	False	False
PH3B0_CH009	2	5568654	6306606	PsA__PTSD	0	3	False	True	False	False
PH3B0_CH009	2	5568654	6306606	UC__Anxiety	0	3	False	True	False	False
PH3B0_CH009	2	5568654	6306606	UC__MDD	0	3	False	True	False	False
PH3B0_CH009	2	5568654	6306606	UC__PTSD	0	3	False	True	False	False
PH3B0_CH009	2	5568654	6306606	BMI__Anxiety	0	3	False	True	False	False
PH3B0_CH009	2	5568654	6306606	BMI__MDD	1	3	False	True	False	False
PH3B0_CH009	2	5568654	6306606	BMI__PTSD	1	3	False	True	False	False
PH3B0_CH009	2	5568654	6306606	CAD__Anxiety	0	3	False	True	False	False
PH3B0_CH009	2	5568654	6306606	CAD__MDD	1	3	False	True	False	False
PH3B0_CH009	2	5568654	6306606	CAD__PTSD	0	3	False	True	False	False
PH3B0_CH009	2	5568654	6306606	T2D__Anxiety	0	3	False	True	False	False
PH3B0_CH009	2	5568654	6306606	T2D__MDD	0	3	False	True	False	False
PH3B0_CH009	2	5568654	6306606	T2D__PTSD	0	3	False	True	False	False
PH3B0_CH039	2	24669225	25895394	CD__BMI	1	1	False	False	False	False
PH3B0_CH039	2	24669225	25895394	CD__CAD	0	1	False	False	False	False
PH3B0_CH039	2	24669225	25895394	CD__T2D	0	1	False	False	False	False
PH3B0_CH039	2	24669225	25895394	PsA__BMI	0	1	False	False	False	False
PH3B0_CH039	2	24669225	25895394	PsA__CAD	0	1	False	False	False	False
PH3B0_CH039	2	24669225	25895394	PsA__T2D	0	1	False	False	False	False
PH3B0_CH039	2	24669225	25895394	UC__BMI	0	1	False	False	False	False
PH3B0_CH039	2	24669225	25895394	UC__CAD	0	1	False	False	False	False
PH3B0_CH039	2	24669225	25895394	UC__T2D	0	1	False	False	False	False
PH3B0_CH039	2	24669225	25895394	CD__Anxiety	0	1	False	False	False	False
PH3B0_CH039	2	24669225	25895394	CD__MDD	0	1	False	False	False	False
PH3B0_CH039	2	24669225	25895394	CD__PTSD	0	1	False	False	False	False
PH3B0_CH039	2	24669225	25895394	PsA__Anxiety	0	1	False	False	False	False
PH3B0_CH039	2	24669225	25895394	PsA__MDD	0	1	False	False	False	False
PH3B0_CH039	2	24669225	25895394	PsA__PTSD	0	1	False	False	False	False
PH3B0_CH039	2	24669225	25895394	UC__Anxiety	0	1	False	False	False	False
PH3B0_CH039	2	24669225	25895394	UC__MDD	0	1	False	False	False	False
PH3B0_CH039	2	24669225	25895394	UC__PTSD	0	1	False	False	False	False
PH3B0_CH039	2	24669225	25895394	BMI__Anxiety	0	1	False	False	False	False
PH3B0_CH039	2	24669225	25895394	BMI__MDD	0	1	False	False	False	False
PH3B0_CH039	2	24669225	25895394	BMI__PTSD	0	1	False	False	False	False
PH3B0_CH039	2	24669225	25895394	CAD__Anxiety	0	1	False	False	False	False
PH3B0_CH039	2	24669225	25895394	CAD__MDD	0	1	False	False	False	False
PH3B0_CH039	2	24669225	25895394	CAD__PTSD	0	1	False	False	False	False
PH3B0_CH039	2	24669225	25895394	T2D__Anxiety	0	1	False	False	False	False
PH3B0_CH039	2	24669225	25895394	T2D__MDD	0	1	False	False	False	False
PH3B0_CH039	2	24669225	25895394	T2D__PTSD	0	1	False	False	False	False
PH3B0_CH032	2	161432090	163607635	CD__BMI	0	2	False	True	True	False
PH3B0_CH032	2	161432090	163607635	CD__CAD	0	2	False	True	True	False
PH3B0_CH032	2	161432090	163607635	CD__T2D	0	2	False	True	True	False
PH3B0_CH032	2	161432090	163607635	PsA__BMI	0	2	False	True	True	False
PH3B0_CH032	2	161432090	163607635	PsA__CAD	1	2	False	True	True	False
PH3B0_CH032	2	161432090	163607635	PsA__T2D	0	2	False	True	True	False
PH3B0_CH032	2	161432090	163607635	UC__BMI	0	2	False	True	True	False
PH3B0_CH032	2	161432090	163607635	UC__CAD	0	2	False	True	True	False
PH3B0_CH032	2	161432090	163607635	UC__T2D	0	2	False	True	True	False
PH3B0_CH032	2	161432090	163607635	CD__Anxiety	0	2	False	True	True	False
PH3B0_CH032	2	161432090	163607635	CD__MDD	0	2	False	True	True	False
PH3B0_CH032	2	161432090	163607635	CD__PTSD	0	2	False	True	True	False
PH3B0_CH032	2	161432090	163607635	PsA__Anxiety	0	2	False	True	True	False
PH3B0_CH032	2	161432090	163607635	PsA__MDD	0	2	False	True	True	False
PH3B0_CH032	2	161432090	163607635	PsA__PTSD	0	2	False	True	True	False
PH3B0_CH032	2	161432090	163607635	UC__Anxiety	0	2	False	True	True	False
PH3B0_CH032	2	161432090	163607635	UC__MDD	0	2	False	True	True	False
PH3B0_CH032	2	161432090	163607635	UC__PTSD	0	2	False	True	True	False
PH3B0_CH032	2	161432090	163607635	BMI__Anxiety	0	2	False	True	True	False
PH3B0_CH032	2	161432090	163607635	BMI__MDD	0	2	False	True	True	False
PH3B0_CH032	2	161432090	163607635	BMI__PTSD	0	2	False	True	True	False
PH3B0_CH032	2	161432090	163607635	CAD__Anxiety	0	2	False	True	True	False
PH3B0_CH032	2	161432090	163607635	CAD__MDD	1	2	False	True	True	False
PH3B0_CH032	2	161432090	163607635	CAD__PTSD	0	2	False	True	True	False
PH3B0_CH032	2	161432090	163607635	T2D__Anxiety	0	2	False	True	True	False
PH3B0_CH032	2	161432090	163607635	T2D__MDD	0	2	False	True	True	False
PH3B0_CH032	2	161432090	163607635	T2D__PTSD	0	2	False	True	True	False
PH3B0_CH010	3	35913034	36840136	CD__BMI	0	1	False	False	False	False
PH3B0_CH010	3	35913034	36840136	CD__CAD	0	1	False	False	False	False
PH3B0_CH010	3	35913034	36840136	CD__T2D	0	1	False	False	False	False
PH3B0_CH010	3	35913034	36840136	PsA__BMI	0	1	False	False	False	False
PH3B0_CH010	3	35913034	36840136	PsA__CAD	0	1	False	False	False	False
PH3B0_CH010	3	35913034	36840136	PsA__T2D	0	1	False	False	False	False
PH3B0_CH010	3	35913034	36840136	UC__BMI	0	1	False	False	False	False
PH3B0_CH010	3	35913034	36840136	UC__CAD	0	1	False	False	False	False
PH3B0_CH010	3	35913034	36840136	UC__T2D	0	1	False	False	False	False
PH3B0_CH010	3	35913034	36840136	CD__Anxiety	0	1	False	False	False	False
PH3B0_CH010	3	35913034	36840136	CD__MDD	0	1	False	False	False	False
PH3B0_CH010	3	35913034	36840136	CD__PTSD	0	1	False	False	False	False
PH3B0_CH010	3	35913034	36840136	PsA__Anxiety	0	1	False	False	False	False
PH3B0_CH010	3	35913034	36840136	PsA__MDD	0	1	False	False	False	False
PH3B0_CH010	3	35913034	36840136	PsA__PTSD	0	1	False	False	False	False
PH3B0_CH010	3	35913034	36840136	UC__Anxiety	0	1	False	False	False	False
PH3B0_CH010	3	35913034	36840136	UC__MDD	0	1	False	False	False	False
PH3B0_CH010	3	35913034	36840136	UC__PTSD	0	1	False	False	False	False
PH3B0_CH010	3	35913034	36840136	BMI__Anxiety	0	1	False	False	False	False
PH3B0_CH010	3	35913034	36840136	BMI__MDD	1	1	False	False	False	False
PH3B0_CH010	3	35913034	36840136	BMI__PTSD	0	1	False	False	False	False
PH3B0_CH010	3	35913034	36840136	CAD__Anxiety	0	1	False	False	False	False
PH3B0_CH010	3	35913034	36840136	CAD__MDD	0	1	False	False	False	False
PH3B0_CH010	3	35913034	36840136	CAD__PTSD	0	1	False	False	False	False
PH3B0_CH010	3	35913034	36840136	T2D__Anxiety	0	1	False	False	False	False
PH3B0_CH010	3	35913034	36840136	T2D__MDD	0	1	False	False	False	False
PH3B0_CH010	3	35913034	36840136	T2D__PTSD	0	1	False	False	False	False
PH3B0_CH011	3	47588462	50387742	CD__BMI	0	2	False	True	True	False
PH3B0_CH011	3	47588462	50387742	CD__CAD	1	2	False	True	True	False
PH3B0_CH011	3	47588462	50387742	CD__T2D	0	2	False	True	True	False
PH3B0_CH011	3	47588462	50387742	PsA__BMI	0	2	False	True	True	False
PH3B0_CH011	3	47588462	50387742	PsA__CAD	0	2	False	True	True	False
PH3B0_CH011	3	47588462	50387742	PsA__T2D	0	2	False	True	True	False
PH3B0_CH011	3	47588462	50387742	UC__BMI	0	2	False	True	True	False
PH3B0_CH011	3	47588462	50387742	UC__CAD	0	2	False	True	True	False
PH3B0_CH011	3	47588462	50387742	UC__T2D	0	2	False	True	True	False
PH3B0_CH011	3	47588462	50387742	CD__Anxiety	0	2	False	True	True	False
PH3B0_CH011	3	47588462	50387742	CD__MDD	0	2	False	True	True	False
PH3B0_CH011	3	47588462	50387742	CD__PTSD	0	2	False	True	True	False
PH3B0_CH011	3	47588462	50387742	PsA__Anxiety	0	2	False	True	True	False
PH3B0_CH011	3	47588462	50387742	PsA__MDD	0	2	False	True	True	False
PH3B0_CH011	3	47588462	50387742	PsA__PTSD	0	2	False	True	True	False
PH3B0_CH011	3	47588462	50387742	UC__Anxiety	0	2	False	True	True	False
PH3B0_CH011	3	47588462	50387742	UC__MDD	0	2	False	True	True	False
PH3B0_CH011	3	47588462	50387742	UC__PTSD	0	2	False	True	True	False
PH3B0_CH011	3	47588462	50387742	BMI__Anxiety	0	2	False	True	True	False
PH3B0_CH011	3	47588462	50387742	BMI__MDD	1	2	False	True	True	False
PH3B0_CH011	3	47588462	50387742	BMI__PTSD	0	2	False	True	True	False
PH3B0_CH011	3	47588462	50387742	CAD__Anxiety	0	2	False	True	True	False
PH3B0_CH011	3	47588462	50387742	CAD__MDD	0	2	False	True	True	False
PH3B0_CH011	3	47588462	50387742	CAD__PTSD	0	2	False	True	True	False
PH3B0_CH011	3	47588462	50387742	T2D__Anxiety	0	2	False	True	True	False
PH3B0_CH011	3	47588462	50387742	T2D__MDD	0	2	False	True	True	False
PH3B0_CH011	3	47588462	50387742	T2D__PTSD	0	2	False	True	True	False
PH3B0_CH058	3	50387743	51953968	CD__BMI	0	1	False	False	False	False
PH3B0_CH058	3	50387743	51953968	CD__CAD	0	1	False	False	False	False
PH3B0_CH058	3	50387743	51953968	CD__T2D	0	1	False	False	False	False
PH3B0_CH058	3	50387743	51953968	PsA__BMI	0	1	False	False	False	False
PH3B0_CH058	3	50387743	51953968	PsA__CAD	0	1	False	False	False	False
PH3B0_CH058	3	50387743	51953968	PsA__T2D	0	1	False	False	False	False
PH3B0_CH058	3	50387743	51953968	UC__BMI	0	1	False	False	False	False
PH3B0_CH058	3	50387743	51953968	UC__CAD	0	1	False	False	False	False
PH3B0_CH058	3	50387743	51953968	UC__T2D	0	1	False	False	False	False
PH3B0_CH058	3	50387743	51953968	CD__Anxiety	0	1	False	False	False	False
PH3B0_CH058	3	50387743	51953968	CD__MDD	0	1	False	False	False	False
PH3B0_CH058	3	50387743	51953968	CD__PTSD	0	1	False	False	False	False
PH3B0_CH058	3	50387743	51953968	PsA__Anxiety	0	1	False	False	False	False
PH3B0_CH058	3	50387743	51953968	PsA__MDD	0	1	False	False	False	False
PH3B0_CH058	3	50387743	51953968	PsA__PTSD	0	1	False	False	False	False
PH3B0_CH058	3	50387743	51953968	UC__Anxiety	0	1	False	False	False	False
PH3B0_CH058	3	50387743	51953968	UC__MDD	1	1	False	False	False	False
PH3B0_CH058	3	50387743	51953968	UC__PTSD	0	1	False	False	False	False
PH3B0_CH058	3	50387743	51953968	BMI__Anxiety	0	1	False	False	False	False
PH3B0_CH058	3	50387743	51953968	BMI__MDD	0	1	False	False	False	False
PH3B0_CH058	3	50387743	51953968	BMI__PTSD	0	1	False	False	False	False
PH3B0_CH058	3	50387743	51953968	CAD__Anxiety	0	1	False	False	False	False
PH3B0_CH058	3	50387743	51953968	CAD__MDD	0	1	False	False	False	False
PH3B0_CH058	3	50387743	51953968	CAD__PTSD	0	1	False	False	False	False
PH3B0_CH058	3	50387743	51953968	T2D__Anxiety	0	1	False	False	False	False
PH3B0_CH058	3	50387743	51953968	T2D__MDD	0	1	False	False	False	False
PH3B0_CH058	3	50387743	51953968	T2D__PTSD	0	1	False	False	False	False
PH3B0_CH012	3	60571140	61277587	CD__BMI	0	1	False	False	False	False
PH3B0_CH012	3	60571140	61277587	CD__CAD	0	1	False	False	False	False
PH3B0_CH012	3	60571140	61277587	CD__T2D	0	1	False	False	False	False
PH3B0_CH012	3	60571140	61277587	PsA__BMI	0	1	False	False	False	False
PH3B0_CH012	3	60571140	61277587	PsA__CAD	0	1	False	False	False	False
PH3B0_CH012	3	60571140	61277587	PsA__T2D	0	1	False	False	False	False
PH3B0_CH012	3	60571140	61277587	UC__BMI	0	1	False	False	False	False
PH3B0_CH012	3	60571140	61277587	UC__CAD	0	1	False	False	False	False
PH3B0_CH012	3	60571140	61277587	UC__T2D	0	1	False	False	False	False
PH3B0_CH012	3	60571140	61277587	CD__Anxiety	0	1	False	False	False	False
PH3B0_CH012	3	60571140	61277587	CD__MDD	0	1	False	False	False	False
PH3B0_CH012	3	60571140	61277587	CD__PTSD	0	1	False	False	False	False
PH3B0_CH012	3	60571140	61277587	PsA__Anxiety	0	1	False	False	False	False
PH3B0_CH012	3	60571140	61277587	PsA__MDD	0	1	False	False	False	False
PH3B0_CH012	3	60571140	61277587	PsA__PTSD	0	1	False	False	False	False
PH3B0_CH012	3	60571140	61277587	UC__Anxiety	0	1	False	False	False	False
PH3B0_CH012	3	60571140	61277587	UC__MDD	0	1	False	False	False	False
PH3B0_CH012	3	60571140	61277587	UC__PTSD	0	1	False	False	False	False
PH3B0_CH012	3	60571140	61277587	BMI__Anxiety	0	1	False	False	False	False
PH3B0_CH012	3	60571140	61277587	BMI__MDD	1	1	False	False	False	False
PH3B0_CH012	3	60571140	61277587	BMI__PTSD	0	1	False	False	False	False
PH3B0_CH012	3	60571140	61277587	CAD__Anxiety	0	1	False	False	False	False
PH3B0_CH012	3	60571140	61277587	CAD__MDD	0	1	False	False	False	False
PH3B0_CH012	3	60571140	61277587	CAD__PTSD	0	1	False	False	False	False
PH3B0_CH012	3	60571140	61277587	T2D__Anxiety	0	1	False	False	False	False
PH3B0_CH012	3	60571140	61277587	T2D__MDD	0	1	False	False	False	False
PH3B0_CH012	3	60571140	61277587	T2D__PTSD	0	1	False	False	False	False
PH3B0_CH001	3	157633701	158460058	CD__BMI	0	2	False	True	False	False
PH3B0_CH001	3	157633701	158460058	CD__CAD	0	2	False	True	False	False
PH3B0_CH001	3	157633701	158460058	CD__T2D	0	2	False	True	False	False
PH3B0_CH001	3	157633701	158460058	PsA__BMI	0	2	False	True	False	False
PH3B0_CH001	3	157633701	158460058	PsA__CAD	0	2	False	True	False	False
PH3B0_CH001	3	157633701	158460058	PsA__T2D	0	2	False	True	False	False
PH3B0_CH001	3	157633701	158460058	UC__BMI	0	2	False	True	False	False
PH3B0_CH001	3	157633701	158460058	UC__CAD	0	2	False	True	False	False
PH3B0_CH001	3	157633701	158460058	UC__T2D	0	2	False	True	False	False
PH3B0_CH001	3	157633701	158460058	CD__Anxiety	0	2	False	True	False	False
PH3B0_CH001	3	157633701	158460058	CD__MDD	0	2	False	True	False	False
PH3B0_CH001	3	157633701	158460058	CD__PTSD	0	2	False	True	False	False
PH3B0_CH001	3	157633701	158460058	PsA__Anxiety	0	2	False	True	False	False
PH3B0_CH001	3	157633701	158460058	PsA__MDD	0	2	False	True	False	False
PH3B0_CH001	3	157633701	158460058	PsA__PTSD	0	2	False	True	False	False
PH3B0_CH001	3	157633701	158460058	UC__Anxiety	0	2	False	True	False	False
PH3B0_CH001	3	157633701	158460058	UC__MDD	0	2	False	True	False	False
PH3B0_CH001	3	157633701	158460058	UC__PTSD	0	2	False	True	False	False
PH3B0_CH001	3	157633701	158460058	BMI__Anxiety	1	2	False	True	False	False
PH3B0_CH001	3	157633701	158460058	BMI__MDD	1	2	False	True	False	False
PH3B0_CH001	3	157633701	158460058	BMI__PTSD	0	2	False	True	False	False
PH3B0_CH001	3	157633701	158460058	CAD__Anxiety	0	2	False	True	False	False
PH3B0_CH001	3	157633701	158460058	CAD__MDD	0	2	False	True	False	False
PH3B0_CH001	3	157633701	158460058	CAD__PTSD	0	2	False	True	False	False
PH3B0_CH001	3	157633701	158460058	T2D__Anxiety	0	2	False	True	False	False
PH3B0_CH001	3	157633701	158460058	T2D__MDD	0	2	False	True	False	False
PH3B0_CH001	3	157633701	158460058	T2D__PTSD	0	2	False	True	False	False
PH3B0_CH013	3	172004761	173415591	CD__BMI	0	1	False	False	False	False
PH3B0_CH013	3	172004761	173415591	CD__CAD	0	1	False	False	False	False
PH3B0_CH013	3	172004761	173415591	CD__T2D	0	1	False	False	False	False
PH3B0_CH013	3	172004761	173415591	PsA__BMI	0	1	False	False	False	False
PH3B0_CH013	3	172004761	173415591	PsA__CAD	0	1	False	False	False	False
PH3B0_CH013	3	172004761	173415591	PsA__T2D	0	1	False	False	False	False
PH3B0_CH013	3	172004761	173415591	UC__BMI	0	1	False	False	False	False
PH3B0_CH013	3	172004761	173415591	UC__CAD	0	1	False	False	False	False
PH3B0_CH013	3	172004761	173415591	UC__T2D	0	1	False	False	False	False
PH3B0_CH013	3	172004761	173415591	CD__Anxiety	0	1	False	False	False	False
PH3B0_CH013	3	172004761	173415591	CD__MDD	0	1	False	False	False	False
PH3B0_CH013	3	172004761	173415591	CD__PTSD	0	1	False	False	False	False
PH3B0_CH013	3	172004761	173415591	PsA__Anxiety	0	1	False	False	False	False
PH3B0_CH013	3	172004761	173415591	PsA__MDD	0	1	False	False	False	False
PH3B0_CH013	3	172004761	173415591	PsA__PTSD	0	1	False	False	False	False
PH3B0_CH013	3	172004761	173415591	UC__Anxiety	0	1	False	False	False	False
PH3B0_CH013	3	172004761	173415591	UC__MDD	0	1	False	False	False	False
PH3B0_CH013	3	172004761	173415591	UC__PTSD	0	1	False	False	False	False
PH3B0_CH013	3	172004761	173415591	BMI__Anxiety	0	1	False	False	False	False
PH3B0_CH013	3	172004761	173415591	BMI__MDD	1	1	False	False	False	False
PH3B0_CH013	3	172004761	173415591	BMI__PTSD	0	1	False	False	False	False
PH3B0_CH013	3	172004761	173415591	CAD__Anxiety	0	1	False	False	False	False
PH3B0_CH013	3	172004761	173415591	CAD__MDD	0	1	False	False	False	False
PH3B0_CH013	3	172004761	173415591	CAD__PTSD	0	1	False	False	False	False
PH3B0_CH013	3	172004761	173415591	T2D__Anxiety	0	1	False	False	False	False
PH3B0_CH013	3	172004761	173415591	T2D__MDD	0	1	False	False	False	False
PH3B0_CH013	3	172004761	173415591	T2D__PTSD	0	1	False	False	False	False
PH3B0_CH014	4	28177793	28927438	CD__BMI	0	1	False	False	False	False
PH3B0_CH014	4	28177793	28927438	CD__CAD	0	1	False	False	False	False
PH3B0_CH014	4	28177793	28927438	CD__T2D	0	1	False	False	False	False
PH3B0_CH014	4	28177793	28927438	PsA__BMI	0	1	False	False	False	False
PH3B0_CH014	4	28177793	28927438	PsA__CAD	0	1	False	False	False	False
PH3B0_CH014	4	28177793	28927438	PsA__T2D	0	1	False	False	False	False
PH3B0_CH014	4	28177793	28927438	UC__BMI	0	1	False	False	False	False
PH3B0_CH014	4	28177793	28927438	UC__CAD	0	1	False	False	False	False
PH3B0_CH014	4	28177793	28927438	UC__T2D	0	1	False	False	False	False
PH3B0_CH014	4	28177793	28927438	CD__Anxiety	0	1	False	False	False	False
PH3B0_CH014	4	28177793	28927438	CD__MDD	0	1	False	False	False	False
PH3B0_CH014	4	28177793	28927438	CD__PTSD	0	1	False	False	False	False
PH3B0_CH014	4	28177793	28927438	PsA__Anxiety	0	1	False	False	False	False
PH3B0_CH014	4	28177793	28927438	PsA__MDD	0	1	False	False	False	False
PH3B0_CH014	4	28177793	28927438	PsA__PTSD	0	1	False	False	False	False
PH3B0_CH014	4	28177793	28927438	UC__Anxiety	0	1	False	False	False	False
PH3B0_CH014	4	28177793	28927438	UC__MDD	0	1	False	False	False	False
PH3B0_CH014	4	28177793	28927438	UC__PTSD	0	1	False	False	False	False
PH3B0_CH014	4	28177793	28927438	BMI__Anxiety	0	1	False	False	False	False
PH3B0_CH014	4	28177793	28927438	BMI__MDD	1	1	False	False	False	False
PH3B0_CH014	4	28177793	28927438	BMI__PTSD	0	1	False	False	False	False
PH3B0_CH014	4	28177793	28927438	CAD__Anxiety	0	1	False	False	False	False
PH3B0_CH014	4	28177793	28927438	CAD__MDD	0	1	False	False	False	False
PH3B0_CH014	4	28177793	28927438	CAD__PTSD	0	1	False	False	False	False
PH3B0_CH014	4	28177793	28927438	T2D__Anxiety	0	1	False	False	False	False
PH3B0_CH014	4	28177793	28927438	T2D__MDD	0	1	False	False	False	False
PH3B0_CH014	4	28177793	28927438	T2D__PTSD	0	1	False	False	False	False
PH3B0_CH040	4	102544804	104384534	CD__BMI	1	1	False	False	False	False
PH3B0_CH040	4	102544804	104384534	CD__CAD	0	1	False	False	False	False
PH3B0_CH040	4	102544804	104384534	CD__T2D	0	1	False	False	False	False
PH3B0_CH040	4	102544804	104384534	PsA__BMI	0	1	False	False	False	False
PH3B0_CH040	4	102544804	104384534	PsA__CAD	0	1	False	False	False	False
PH3B0_CH040	4	102544804	104384534	PsA__T2D	0	1	False	False	False	False
PH3B0_CH040	4	102544804	104384534	UC__BMI	0	1	False	False	False	False
PH3B0_CH040	4	102544804	104384534	UC__CAD	0	1	False	False	False	False
PH3B0_CH040	4	102544804	104384534	UC__T2D	0	1	False	False	False	False
PH3B0_CH040	4	102544804	104384534	CD__Anxiety	0	1	False	False	False	False
PH3B0_CH040	4	102544804	104384534	CD__MDD	0	1	False	False	False	False
PH3B0_CH040	4	102544804	104384534	CD__PTSD	0	1	False	False	False	False
PH3B0_CH040	4	102544804	104384534	PsA__Anxiety	0	1	False	False	False	False
PH3B0_CH040	4	102544804	104384534	PsA__MDD	0	1	False	False	False	False
PH3B0_CH040	4	102544804	104384534	PsA__PTSD	0	1	False	False	False	False
PH3B0_CH040	4	102544804	104384534	UC__Anxiety	0	1	False	False	False	False
PH3B0_CH040	4	102544804	104384534	UC__MDD	0	1	False	False	False	False
PH3B0_CH040	4	102544804	104384534	UC__PTSD	0	1	False	False	False	False
PH3B0_CH040	4	102544804	104384534	BMI__Anxiety	0	1	False	False	False	False
PH3B0_CH040	4	102544804	104384534	BMI__MDD	0	1	False	False	False	False
PH3B0_CH040	4	102544804	104384534	BMI__PTSD	0	1	False	False	False	False
PH3B0_CH040	4	102544804	104384534	CAD__Anxiety	0	1	False	False	False	False
PH3B0_CH040	4	102544804	104384534	CAD__MDD	0	1	False	False	False	False
PH3B0_CH040	4	102544804	104384534	CAD__PTSD	0	1	False	False	False	False
PH3B0_CH040	4	102544804	104384534	T2D__Anxiety	0	1	False	False	False	False
PH3B0_CH040	4	102544804	104384534	T2D__MDD	0	1	False	False	False	False
PH3B0_CH040	4	102544804	104384534	T2D__PTSD	0	1	False	False	False	False
PH3B0_CH015	5	103788461	104850490	CD__BMI	0	1	False	False	False	False
PH3B0_CH015	5	103788461	104850490	CD__CAD	0	1	False	False	False	False
PH3B0_CH015	5	103788461	104850490	CD__T2D	0	1	False	False	False	False
PH3B0_CH015	5	103788461	104850490	PsA__BMI	0	1	False	False	False	False
PH3B0_CH015	5	103788461	104850490	PsA__CAD	0	1	False	False	False	False
PH3B0_CH015	5	103788461	104850490	PsA__T2D	0	1	False	False	False	False
PH3B0_CH015	5	103788461	104850490	UC__BMI	0	1	False	False	False	False
PH3B0_CH015	5	103788461	104850490	UC__CAD	0	1	False	False	False	False
PH3B0_CH015	5	103788461	104850490	UC__T2D	0	1	False	False	False	False
PH3B0_CH015	5	103788461	104850490	CD__Anxiety	0	1	False	False	False	False
PH3B0_CH015	5	103788461	104850490	CD__MDD	0	1	False	False	False	False
PH3B0_CH015	5	103788461	104850490	CD__PTSD	0	1	False	False	False	False
PH3B0_CH015	5	103788461	104850490	PsA__Anxiety	0	1	False	False	False	False
PH3B0_CH015	5	103788461	104850490	PsA__MDD	0	1	False	False	False	False
PH3B0_CH015	5	103788461	104850490	PsA__PTSD	0	1	False	False	False	False
PH3B0_CH015	5	103788461	104850490	UC__Anxiety	0	1	False	False	False	False
PH3B0_CH015	5	103788461	104850490	UC__MDD	0	1	False	False	False	False
PH3B0_CH015	5	103788461	104850490	UC__PTSD	0	1	False	False	False	False
PH3B0_CH015	5	103788461	104850490	BMI__Anxiety	0	1	False	False	False	False
PH3B0_CH015	5	103788461	104850490	BMI__MDD	1	1	False	False	False	False
PH3B0_CH015	5	103788461	104850490	BMI__PTSD	0	1	False	False	False	False
PH3B0_CH015	5	103788461	104850490	CAD__Anxiety	0	1	False	False	False	False
PH3B0_CH015	5	103788461	104850490	CAD__MDD	0	1	False	False	False	False
PH3B0_CH015	5	103788461	104850490	CAD__PTSD	0	1	False	False	False	False
PH3B0_CH015	5	103788461	104850490	T2D__Anxiety	0	1	False	False	False	False
PH3B0_CH015	5	103788461	104850490	T2D__MDD	0	1	False	False	False	False
PH3B0_CH015	5	103788461	104850490	T2D__PTSD	0	1	False	False	False	False
PH3B0_CH045	6	26396201	27261035	CD__BMI	0	1	True	False	False	False
PH3B0_CH045	6	26396201	27261035	CD__CAD	0	1	True	False	False	False
PH3B0_CH045	6	26396201	27261035	CD__T2D	0	1	True	False	False	False
PH3B0_CH045	6	26396201	27261035	PsA__BMI	0	1	True	False	False	False
PH3B0_CH045	6	26396201	27261035	PsA__CAD	0	1	True	False	False	False
PH3B0_CH045	6	26396201	27261035	PsA__T2D	0	1	True	False	False	False
PH3B0_CH045	6	26396201	27261035	UC__BMI	0	1	True	False	False	False
PH3B0_CH045	6	26396201	27261035	UC__CAD	0	1	True	False	False	False
PH3B0_CH045	6	26396201	27261035	UC__T2D	0	1	True	False	False	False
PH3B0_CH045	6	26396201	27261035	CD__Anxiety	0	1	True	False	False	False
PH3B0_CH045	6	26396201	27261035	CD__MDD	0	1	True	False	False	False
PH3B0_CH045	6	26396201	27261035	CD__PTSD	1	1	True	False	False	False
PH3B0_CH045	6	26396201	27261035	PsA__Anxiety	0	1	True	False	False	False
PH3B0_CH045	6	26396201	27261035	PsA__MDD	0	1	True	False	False	False
PH3B0_CH045	6	26396201	27261035	PsA__PTSD	0	1	True	False	False	False
PH3B0_CH045	6	26396201	27261035	UC__Anxiety	0	1	True	False	False	False
PH3B0_CH045	6	26396201	27261035	UC__MDD	0	1	True	False	False	False
PH3B0_CH045	6	26396201	27261035	UC__PTSD	0	1	True	False	False	False
PH3B0_CH045	6	26396201	27261035	BMI__Anxiety	0	1	True	False	False	False
PH3B0_CH045	6	26396201	27261035	BMI__MDD	0	1	True	False	False	False
PH3B0_CH045	6	26396201	27261035	BMI__PTSD	0	1	True	False	False	False
PH3B0_CH045	6	26396201	27261035	CAD__Anxiety	0	1	True	False	False	False
PH3B0_CH045	6	26396201	27261035	CAD__MDD	0	1	True	False	False	False
PH3B0_CH045	6	26396201	27261035	CAD__PTSD	0	1	True	False	False	False
PH3B0_CH045	6	26396201	27261035	T2D__Anxiety	0	1	True	False	False	False
PH3B0_CH045	6	26396201	27261035	T2D__MDD	0	1	True	False	False	False
PH3B0_CH045	6	26396201	27261035	T2D__PTSD	0	1	True	False	False	False
PH3B0_CH048	6	29529756	30715006	CD__BMI	0	2	True	True	False	False
PH3B0_CH048	6	29529756	30715006	CD__CAD	0	2	True	True	False	False
PH3B0_CH048	6	29529756	30715006	CD__T2D	0	2	True	True	False	False
PH3B0_CH048	6	29529756	30715006	PsA__BMI	0	2	True	True	False	False
PH3B0_CH048	6	29529756	30715006	PsA__CAD	0	2	True	True	False	False
PH3B0_CH048	6	29529756	30715006	PsA__T2D	0	2	True	True	False	False
PH3B0_CH048	6	29529756	30715006	UC__BMI	0	2	True	True	False	False
PH3B0_CH048	6	29529756	30715006	UC__CAD	0	2	True	True	False	False
PH3B0_CH048	6	29529756	30715006	UC__T2D	0	2	True	True	False	False
PH3B0_CH048	6	29529756	30715006	CD__Anxiety	0	2	True	True	False	False
PH3B0_CH048	6	29529756	30715006	CD__MDD	0	2	True	True	False	False
PH3B0_CH048	6	29529756	30715006	CD__PTSD	0	2	True	True	False	False
PH3B0_CH048	6	29529756	30715006	PsA__Anxiety	1	2	True	True	False	False
PH3B0_CH048	6	29529756	30715006	PsA__MDD	0	2	True	True	False	False
PH3B0_CH048	6	29529756	30715006	PsA__PTSD	1	2	True	True	False	False
PH3B0_CH048	6	29529756	30715006	UC__Anxiety	0	2	True	True	False	False
PH3B0_CH048	6	29529756	30715006	UC__MDD	0	2	True	True	False	False
PH3B0_CH048	6	29529756	30715006	UC__PTSD	0	2	True	True	False	False
PH3B0_CH048	6	29529756	30715006	BMI__Anxiety	0	2	True	True	False	False
PH3B0_CH048	6	29529756	30715006	BMI__MDD	0	2	True	True	False	False
PH3B0_CH048	6	29529756	30715006	BMI__PTSD	0	2	True	True	False	False
PH3B0_CH048	6	29529756	30715006	CAD__Anxiety	0	2	True	True	False	False
PH3B0_CH048	6	29529756	30715006	CAD__MDD	0	2	True	True	False	False
PH3B0_CH048	6	29529756	30715006	CAD__PTSD	0	2	True	True	False	False
PH3B0_CH048	6	29529756	30715006	T2D__Anxiety	0	2	True	True	False	False
PH3B0_CH048	6	29529756	30715006	T2D__MDD	0	2	True	True	False	False
PH3B0_CH048	6	29529756	30715006	T2D__PTSD	0	2	True	True	False	False
PH3B0_CH038	6	30715007	31427209	CD__BMI	0	5	True	True	True	False
PH3B0_CH038	6	30715007	31427209	CD__CAD	0	5	True	True	True	False
PH3B0_CH038	6	30715007	31427209	CD__T2D	0	5	True	True	True	False
PH3B0_CH038	6	30715007	31427209	PsA__BMI	1	5	True	True	True	False
PH3B0_CH038	6	30715007	31427209	PsA__CAD	0	5	True	True	True	False
PH3B0_CH038	6	30715007	31427209	PsA__T2D	0	5	True	True	True	False
PH3B0_CH038	6	30715007	31427209	UC__BMI	0	5	True	True	True	False
PH3B0_CH038	6	30715007	31427209	UC__CAD	0	5	True	True	True	False
PH3B0_CH038	6	30715007	31427209	UC__T2D	1	5	True	True	True	False
PH3B0_CH038	6	30715007	31427209	CD__Anxiety	1	5	True	True	True	False
PH3B0_CH038	6	30715007	31427209	CD__MDD	0	5	True	True	True	False
PH3B0_CH038	6	30715007	31427209	CD__PTSD	0	5	True	True	True	False
PH3B0_CH038	6	30715007	31427209	PsA__Anxiety	0	5	True	True	True	False
PH3B0_CH038	6	30715007	31427209	PsA__MDD	1	5	True	True	True	False
PH3B0_CH038	6	30715007	31427209	PsA__PTSD	1	5	True	True	True	False
PH3B0_CH038	6	30715007	31427209	UC__Anxiety	0	5	True	True	True	False
PH3B0_CH038	6	30715007	31427209	UC__MDD	0	5	True	True	True	False
PH3B0_CH038	6	30715007	31427209	UC__PTSD	0	5	True	True	True	False
PH3B0_CH038	6	30715007	31427209	BMI__Anxiety	0	5	True	True	True	False
PH3B0_CH038	6	30715007	31427209	BMI__MDD	0	5	True	True	True	False
PH3B0_CH038	6	30715007	31427209	BMI__PTSD	0	5	True	True	True	False
PH3B0_CH038	6	30715007	31427209	CAD__Anxiety	0	5	True	True	True	False
PH3B0_CH038	6	30715007	31427209	CAD__MDD	0	5	True	True	True	False
PH3B0_CH038	6	30715007	31427209	CAD__PTSD	0	5	True	True	True	False
PH3B0_CH038	6	30715007	31427209	T2D__Anxiety	0	5	True	True	True	False
PH3B0_CH038	6	30715007	31427209	T2D__MDD	0	5	True	True	True	False
PH3B0_CH038	6	30715007	31427209	T2D__PTSD	0	5	True	True	True	False
PH3B0_CH050	6	31427210	32208901	CD__BMI	0	1	True	False	False	False
PH3B0_CH050	6	31427210	32208901	CD__CAD	0	1	True	False	False	False
PH3B0_CH050	6	31427210	32208901	CD__T2D	0	1	True	False	False	False
PH3B0_CH050	6	31427210	32208901	PsA__BMI	1	1	True	False	False	False
PH3B0_CH050	6	31427210	32208901	PsA__CAD	0	1	True	False	False	False
PH3B0_CH050	6	31427210	32208901	PsA__T2D	0	1	True	False	False	False
PH3B0_CH050	6	31427210	32208901	UC__BMI	0	1	True	False	False	False
PH3B0_CH050	6	31427210	32208901	UC__CAD	0	1	True	False	False	False
PH3B0_CH050	6	31427210	32208901	UC__T2D	0	1	True	False	False	False
PH3B0_CH050	6	31427210	32208901	CD__Anxiety	0	1	True	False	False	False
PH3B0_CH050	6	31427210	32208901	CD__MDD	0	1	True	False	False	False
PH3B0_CH050	6	31427210	32208901	CD__PTSD	0	1	True	False	False	False
PH3B0_CH050	6	31427210	32208901	PsA__Anxiety	0	1	True	False	False	False
PH3B0_CH050	6	31427210	32208901	PsA__MDD	0	1	True	False	False	False
PH3B0_CH050	6	31427210	32208901	PsA__PTSD	0	1	True	False	False	False
PH3B0_CH050	6	31427210	32208901	UC__Anxiety	0	1	True	False	False	False
PH3B0_CH050	6	31427210	32208901	UC__MDD	0	1	True	False	False	False
PH3B0_CH050	6	31427210	32208901	UC__PTSD	0	1	True	False	False	False
PH3B0_CH050	6	31427210	32208901	BMI__Anxiety	0	1	True	False	False	False
PH3B0_CH050	6	31427210	32208901	BMI__MDD	0	1	True	False	False	False
PH3B0_CH050	6	31427210	32208901	BMI__PTSD	0	1	True	False	False	False
PH3B0_CH050	6	31427210	32208901	CAD__Anxiety	0	1	True	False	False	False
PH3B0_CH050	6	31427210	32208901	CAD__MDD	0	1	True	False	False	False
PH3B0_CH050	6	31427210	32208901	CAD__PTSD	0	1	True	False	False	False
PH3B0_CH050	6	31427210	32208901	T2D__Anxiety	0	1	True	False	False	False
PH3B0_CH050	6	31427210	32208901	T2D__MDD	0	1	True	False	False	False
PH3B0_CH050	6	31427210	32208901	T2D__PTSD	0	1	True	False	False	False
PH3B0_CH049	6	32208902	32897998	CD__BMI	0	4	True	True	True	False
PH3B0_CH049	6	32208902	32897998	CD__CAD	0	4	True	True	True	False
PH3B0_CH049	6	32208902	32897998	CD__T2D	0	4	True	True	True	False
PH3B0_CH049	6	32208902	32897998	PsA__BMI	0	4	True	True	True	False
PH3B0_CH049	6	32208902	32897998	PsA__CAD	0	4	True	True	True	False
PH3B0_CH049	6	32208902	32897998	PsA__T2D	0	4	True	True	True	False
PH3B0_CH049	6	32208902	32897998	UC__BMI	0	4	True	True	True	False
PH3B0_CH049	6	32208902	32897998	UC__CAD	0	4	True	True	True	False
PH3B0_CH049	6	32208902	32897998	UC__T2D	1	4	True	True	True	False
PH3B0_CH049	6	32208902	32897998	CD__Anxiety	0	4	True	True	True	False
PH3B0_CH049	6	32208902	32897998	CD__MDD	0	4	True	True	True	False
PH3B0_CH049	6	32208902	32897998	CD__PTSD	0	4	True	True	True	False
PH3B0_CH049	6	32208902	32897998	PsA__Anxiety	1	4	True	True	True	False
PH3B0_CH049	6	32208902	32897998	PsA__MDD	1	4	True	True	True	False
PH3B0_CH049	6	32208902	32897998	PsA__PTSD	1	4	True	True	True	False
PH3B0_CH049	6	32208902	32897998	UC__Anxiety	0	4	True	True	True	False
PH3B0_CH049	6	32208902	32897998	UC__MDD	0	4	True	True	True	False
PH3B0_CH049	6	32208902	32897998	UC__PTSD	0	4	True	True	True	False
PH3B0_CH049	6	32208902	32897998	BMI__Anxiety	0	4	True	True	True	False
PH3B0_CH049	6	32208902	32897998	BMI__MDD	0	4	True	True	True	False
PH3B0_CH049	6	32208902	32897998	BMI__PTSD	0	4	True	True	True	False
PH3B0_CH049	6	32208902	32897998	CAD__Anxiety	0	4	True	True	True	False
PH3B0_CH049	6	32208902	32897998	CAD__MDD	0	4	True	True	True	False
PH3B0_CH049	6	32208902	32897998	CAD__PTSD	0	4	True	True	True	False
PH3B0_CH049	6	32208902	32897998	T2D__Anxiety	0	4	True	True	True	False
PH3B0_CH049	6	32208902	32897998	T2D__MDD	0	4	True	True	True	False
PH3B0_CH049	6	32208902	32897998	T2D__PTSD	0	4	True	True	True	False
PH3B0_CH016	7	1366973	2473749	CD__BMI	0	4	False	True	False	False
PH3B0_CH016	7	1366973	2473749	CD__CAD	0	4	False	True	False	False
PH3B0_CH016	7	1366973	2473749	CD__T2D	0	4	False	True	False	False
PH3B0_CH016	7	1366973	2473749	PsA__BMI	0	4	False	True	False	False
PH3B0_CH016	7	1366973	2473749	PsA__CAD	0	4	False	True	False	False
PH3B0_CH016	7	1366973	2473749	PsA__T2D	0	4	False	True	False	False
PH3B0_CH016	7	1366973	2473749	UC__BMI	0	4	False	True	False	False
PH3B0_CH016	7	1366973	2473749	UC__CAD	0	4	False	True	False	False
PH3B0_CH016	7	1366973	2473749	UC__T2D	0	4	False	True	False	False
PH3B0_CH016	7	1366973	2473749	CD__Anxiety	0	4	False	True	False	False
PH3B0_CH016	7	1366973	2473749	CD__MDD	0	4	False	True	False	False
PH3B0_CH016	7	1366973	2473749	CD__PTSD	0	4	False	True	False	False
PH3B0_CH016	7	1366973	2473749	PsA__Anxiety	0	4	False	True	False	False
PH3B0_CH016	7	1366973	2473749	PsA__MDD	0	4	False	True	False	False
PH3B0_CH016	7	1366973	2473749	PsA__PTSD	0	4	False	True	False	False
PH3B0_CH016	7	1366973	2473749	UC__Anxiety	0	4	False	True	False	False
PH3B0_CH016	7	1366973	2473749	UC__MDD	0	4	False	True	False	False
PH3B0_CH016	7	1366973	2473749	UC__PTSD	0	4	False	True	False	False
PH3B0_CH016	7	1366973	2473749	BMI__Anxiety	0	4	False	True	False	False
PH3B0_CH016	7	1366973	2473749	BMI__MDD	1	4	False	True	False	False
PH3B0_CH016	7	1366973	2473749	BMI__PTSD	1	4	False	True	False	False
PH3B0_CH016	7	1366973	2473749	CAD__Anxiety	0	4	False	True	False	False
PH3B0_CH016	7	1366973	2473749	CAD__MDD	1	4	False	True	False	False
PH3B0_CH016	7	1366973	2473749	CAD__PTSD	1	4	False	True	False	False
PH3B0_CH016	7	1366973	2473749	T2D__Anxiety	0	4	False	True	False	False
PH3B0_CH016	7	1366973	2473749	T2D__MDD	0	4	False	True	False	False
PH3B0_CH016	7	1366973	2473749	T2D__PTSD	0	4	False	True	False	False
PH3B0_CH017	7	32460229	33159277	CD__BMI	0	1	False	False	False	False
PH3B0_CH017	7	32460229	33159277	CD__CAD	0	1	False	False	False	False
PH3B0_CH017	7	32460229	33159277	CD__T2D	0	1	False	False	False	False
PH3B0_CH017	7	32460229	33159277	PsA__BMI	0	1	False	False	False	False
PH3B0_CH017	7	32460229	33159277	PsA__CAD	0	1	False	False	False	False
PH3B0_CH017	7	32460229	33159277	PsA__T2D	0	1	False	False	False	False
PH3B0_CH017	7	32460229	33159277	UC__BMI	0	1	False	False	False	False
PH3B0_CH017	7	32460229	33159277	UC__CAD	0	1	False	False	False	False
PH3B0_CH017	7	32460229	33159277	UC__T2D	0	1	False	False	False	False
PH3B0_CH017	7	32460229	33159277	CD__Anxiety	0	1	False	False	False	False
PH3B0_CH017	7	32460229	33159277	CD__MDD	0	1	False	False	False	False
PH3B0_CH017	7	32460229	33159277	CD__PTSD	0	1	False	False	False	False
PH3B0_CH017	7	32460229	33159277	PsA__Anxiety	0	1	False	False	False	False
PH3B0_CH017	7	32460229	33159277	PsA__MDD	0	1	False	False	False	False
PH3B0_CH017	7	32460229	33159277	PsA__PTSD	0	1	False	False	False	False
PH3B0_CH017	7	32460229	33159277	UC__Anxiety	0	1	False	False	False	False
PH3B0_CH017	7	32460229	33159277	UC__MDD	0	1	False	False	False	False
PH3B0_CH017	7	32460229	33159277	UC__PTSD	0	1	False	False	False	False
PH3B0_CH017	7	32460229	33159277	BMI__Anxiety	0	1	False	False	False	False
PH3B0_CH017	7	32460229	33159277	BMI__MDD	1	1	False	False	False	False
PH3B0_CH017	7	32460229	33159277	BMI__PTSD	0	1	False	False	False	False
PH3B0_CH017	7	32460229	33159277	CAD__Anxiety	0	1	False	False	False	False
PH3B0_CH017	7	32460229	33159277	CAD__MDD	0	1	False	False	False	False
PH3B0_CH017	7	32460229	33159277	CAD__PTSD	0	1	False	False	False	False
PH3B0_CH017	7	32460229	33159277	T2D__Anxiety	0	1	False	False	False	False
PH3B0_CH017	7	32460229	33159277	T2D__MDD	0	1	False	False	False	False
PH3B0_CH017	7	32460229	33159277	T2D__PTSD	0	1	False	False	False	False
PH3B0_CH018	7	73128831	75243899	CD__BMI	0	1	False	False	False	False
PH3B0_CH018	7	73128831	75243899	CD__CAD	0	1	False	False	False	False
PH3B0_CH018	7	73128831	75243899	CD__T2D	0	1	False	False	False	False
PH3B0_CH018	7	73128831	75243899	PsA__BMI	0	1	False	False	False	False
PH3B0_CH018	7	73128831	75243899	PsA__CAD	0	1	False	False	False	False
PH3B0_CH018	7	73128831	75243899	PsA__T2D	0	1	False	False	False	False
PH3B0_CH018	7	73128831	75243899	UC__BMI	0	1	False	False	False	False
PH3B0_CH018	7	73128831	75243899	UC__CAD	0	1	False	False	False	False
PH3B0_CH018	7	73128831	75243899	UC__T2D	0	1	False	False	False	False
PH3B0_CH018	7	73128831	75243899	CD__Anxiety	0	1	False	False	False	False
PH3B0_CH018	7	73128831	75243899	CD__MDD	0	1	False	False	False	False
PH3B0_CH018	7	73128831	75243899	CD__PTSD	0	1	False	False	False	False
PH3B0_CH018	7	73128831	75243899	PsA__Anxiety	0	1	False	False	False	False
PH3B0_CH018	7	73128831	75243899	PsA__MDD	0	1	False	False	False	False
PH3B0_CH018	7	73128831	75243899	PsA__PTSD	0	1	False	False	False	False
PH3B0_CH018	7	73128831	75243899	UC__Anxiety	0	1	False	False	False	False
PH3B0_CH018	7	73128831	75243899	UC__MDD	0	1	False	False	False	False
PH3B0_CH018	7	73128831	75243899	UC__PTSD	0	1	False	False	False	False
PH3B0_CH018	7	73128831	75243899	BMI__Anxiety	0	1	False	False	False	False
PH3B0_CH018	7	73128831	75243899	BMI__MDD	1	1	False	False	False	False
PH3B0_CH018	7	73128831	75243899	BMI__PTSD	0	1	False	False	False	False
PH3B0_CH018	7	73128831	75243899	CAD__Anxiety	0	1	False	False	False	False
PH3B0_CH018	7	73128831	75243899	CAD__MDD	0	1	False	False	False	False
PH3B0_CH018	7	73128831	75243899	CAD__PTSD	0	1	False	False	False	False
PH3B0_CH018	7	73128831	75243899	T2D__Anxiety	0	1	False	False	False	False
PH3B0_CH018	7	73128831	75243899	T2D__MDD	0	1	False	False	False	False
PH3B0_CH018	7	73128831	75243899	T2D__PTSD	0	1	False	False	False	False
PH3B0_CH035	7	113339387	115321301	CD__BMI	0	1	False	False	False	False
PH3B0_CH035	7	113339387	115321301	CD__CAD	0	1	False	False	False	False
PH3B0_CH035	7	113339387	115321301	CD__T2D	0	1	False	False	False	False
PH3B0_CH035	7	113339387	115321301	PsA__BMI	0	1	False	False	False	False
PH3B0_CH035	7	113339387	115321301	PsA__CAD	0	1	False	False	False	False
PH3B0_CH035	7	113339387	115321301	PsA__T2D	0	1	False	False	False	False
PH3B0_CH035	7	113339387	115321301	UC__BMI	0	1	False	False	False	False
PH3B0_CH035	7	113339387	115321301	UC__CAD	0	1	False	False	False	False
PH3B0_CH035	7	113339387	115321301	UC__T2D	0	1	False	False	False	False
PH3B0_CH035	7	113339387	115321301	CD__Anxiety	0	1	False	False	False	False
PH3B0_CH035	7	113339387	115321301	CD__MDD	0	1	False	False	False	False
PH3B0_CH035	7	113339387	115321301	CD__PTSD	0	1	False	False	False	False
PH3B0_CH035	7	113339387	115321301	PsA__Anxiety	0	1	False	False	False	False
PH3B0_CH035	7	113339387	115321301	PsA__MDD	0	1	False	False	False	False
PH3B0_CH035	7	113339387	115321301	PsA__PTSD	0	1	False	False	False	False
PH3B0_CH035	7	113339387	115321301	UC__Anxiety	0	1	False	False	False	False
PH3B0_CH035	7	113339387	115321301	UC__MDD	0	1	False	False	False	False
PH3B0_CH035	7	113339387	115321301	UC__PTSD	0	1	False	False	False	False
PH3B0_CH035	7	113339387	115321301	BMI__Anxiety	0	1	False	False	False	False
PH3B0_CH035	7	113339387	115321301	BMI__MDD	0	1	False	False	False	False
PH3B0_CH035	7	113339387	115321301	BMI__PTSD	0	1	False	False	False	False
PH3B0_CH035	7	113339387	115321301	CAD__Anxiety	0	1	False	False	False	False
PH3B0_CH035	7	113339387	115321301	CAD__MDD	0	1	False	False	False	False
PH3B0_CH035	7	113339387	115321301	CAD__PTSD	1	1	False	False	False	False
PH3B0_CH035	7	113339387	115321301	T2D__Anxiety	0	1	False	False	False	False
PH3B0_CH035	7	113339387	115321301	T2D__MDD	0	1	False	False	False	False
PH3B0_CH035	7	113339387	115321301	T2D__PTSD	0	1	False	False	False	False
PH3B0_CH019	8	92876621	94999066	CD__BMI	0	1	False	False	False	False
PH3B0_CH019	8	92876621	94999066	CD__CAD	0	1	False	False	False	False
PH3B0_CH019	8	92876621	94999066	CD__T2D	0	1	False	False	False	False
PH3B0_CH019	8	92876621	94999066	PsA__BMI	0	1	False	False	False	False
PH3B0_CH019	8	92876621	94999066	PsA__CAD	0	1	False	False	False	False
PH3B0_CH019	8	92876621	94999066	PsA__T2D	0	1	False	False	False	False
PH3B0_CH019	8	92876621	94999066	UC__BMI	0	1	False	False	False	False
PH3B0_CH019	8	92876621	94999066	UC__CAD	0	1	False	False	False	False
PH3B0_CH019	8	92876621	94999066	UC__T2D	0	1	False	False	False	False
PH3B0_CH019	8	92876621	94999066	CD__Anxiety	0	1	False	False	False	False
PH3B0_CH019	8	92876621	94999066	CD__MDD	0	1	False	False	False	False
PH3B0_CH019	8	92876621	94999066	CD__PTSD	0	1	False	False	False	False
PH3B0_CH019	8	92876621	94999066	PsA__Anxiety	0	1	False	False	False	False
PH3B0_CH019	8	92876621	94999066	PsA__MDD	0	1	False	False	False	False
PH3B0_CH019	8	92876621	94999066	PsA__PTSD	0	1	False	False	False	False
PH3B0_CH019	8	92876621	94999066	UC__Anxiety	0	1	False	False	False	False
PH3B0_CH019	8	92876621	94999066	UC__MDD	0	1	False	False	False	False
PH3B0_CH019	8	92876621	94999066	UC__PTSD	0	1	False	False	False	False
PH3B0_CH019	8	92876621	94999066	BMI__Anxiety	0	1	False	False	False	False
PH3B0_CH019	8	92876621	94999066	BMI__MDD	1	1	False	False	False	False
PH3B0_CH019	8	92876621	94999066	BMI__PTSD	0	1	False	False	False	False
PH3B0_CH019	8	92876621	94999066	CAD__Anxiety	0	1	False	False	False	False
PH3B0_CH019	8	92876621	94999066	CAD__MDD	0	1	False	False	False	False
PH3B0_CH019	8	92876621	94999066	CAD__PTSD	0	1	False	False	False	False
PH3B0_CH019	8	92876621	94999066	T2D__Anxiety	0	1	False	False	False	False
PH3B0_CH019	8	92876621	94999066	T2D__MDD	0	1	False	False	False	False
PH3B0_CH019	8	92876621	94999066	T2D__PTSD	0	1	False	False	False	False
PH3B0_CH020	9	10675475	12044915	CD__BMI	0	1	False	False	False	False
PH3B0_CH020	9	10675475	12044915	CD__CAD	0	1	False	False	False	False
PH3B0_CH020	9	10675475	12044915	CD__T2D	0	1	False	False	False	False
PH3B0_CH020	9	10675475	12044915	PsA__BMI	0	1	False	False	False	False
PH3B0_CH020	9	10675475	12044915	PsA__CAD	0	1	False	False	False	False
PH3B0_CH020	9	10675475	12044915	PsA__T2D	0	1	False	False	False	False
PH3B0_CH020	9	10675475	12044915	UC__BMI	0	1	False	False	False	False
PH3B0_CH020	9	10675475	12044915	UC__CAD	0	1	False	False	False	False
PH3B0_CH020	9	10675475	12044915	UC__T2D	0	1	False	False	False	False
PH3B0_CH020	9	10675475	12044915	CD__Anxiety	0	1	False	False	False	False
PH3B0_CH020	9	10675475	12044915	CD__MDD	0	1	False	False	False	False
PH3B0_CH020	9	10675475	12044915	CD__PTSD	0	1	False	False	False	False
PH3B0_CH020	9	10675475	12044915	PsA__Anxiety	0	1	False	False	False	False
PH3B0_CH020	9	10675475	12044915	PsA__MDD	0	1	False	False	False	False
PH3B0_CH020	9	10675475	12044915	PsA__PTSD	0	1	False	False	False	False
PH3B0_CH020	9	10675475	12044915	UC__Anxiety	0	1	False	False	False	False
PH3B0_CH020	9	10675475	12044915	UC__MDD	0	1	False	False	False	False
PH3B0_CH020	9	10675475	12044915	UC__PTSD	0	1	False	False	False	False
PH3B0_CH020	9	10675475	12044915	BMI__Anxiety	0	1	False	False	False	False
PH3B0_CH020	9	10675475	12044915	BMI__MDD	1	1	False	False	False	False
PH3B0_CH020	9	10675475	12044915	BMI__PTSD	0	1	False	False	False	False
PH3B0_CH020	9	10675475	12044915	CAD__Anxiety	0	1	False	False	False	False
PH3B0_CH020	9	10675475	12044915	CAD__MDD	0	1	False	False	False	False
PH3B0_CH020	9	10675475	12044915	CAD__PTSD	0	1	False	False	False	False
PH3B0_CH020	9	10675475	12044915	T2D__Anxiety	0	1	False	False	False	False
PH3B0_CH020	9	10675475	12044915	T2D__MDD	0	1	False	False	False	False
PH3B0_CH020	9	10675475	12044915	T2D__PTSD	0	1	False	False	False	False
PH3B0_CH002	9	14244748	14902924	CD__BMI	0	2	False	True	False	False
PH3B0_CH002	9	14244748	14902924	CD__CAD	0	2	False	True	False	False
PH3B0_CH002	9	14244748	14902924	CD__T2D	0	2	False	True	False	False
PH3B0_CH002	9	14244748	14902924	PsA__BMI	0	2	False	True	False	False
PH3B0_CH002	9	14244748	14902924	PsA__CAD	0	2	False	True	False	False
PH3B0_CH002	9	14244748	14902924	PsA__T2D	0	2	False	True	False	False
PH3B0_CH002	9	14244748	14902924	UC__BMI	0	2	False	True	False	False
PH3B0_CH002	9	14244748	14902924	UC__CAD	0	2	False	True	False	False
PH3B0_CH002	9	14244748	14902924	UC__T2D	0	2	False	True	False	False
PH3B0_CH002	9	14244748	14902924	CD__Anxiety	0	2	False	True	False	False
PH3B0_CH002	9	14244748	14902924	CD__MDD	0	2	False	True	False	False
PH3B0_CH002	9	14244748	14902924	CD__PTSD	0	2	False	True	False	False
PH3B0_CH002	9	14244748	14902924	PsA__Anxiety	0	2	False	True	False	False
PH3B0_CH002	9	14244748	14902924	PsA__MDD	0	2	False	True	False	False
PH3B0_CH002	9	14244748	14902924	PsA__PTSD	0	2	False	True	False	False
PH3B0_CH002	9	14244748	14902924	UC__Anxiety	0	2	False	True	False	False
PH3B0_CH002	9	14244748	14902924	UC__MDD	0	2	False	True	False	False
PH3B0_CH002	9	14244748	14902924	UC__PTSD	0	2	False	True	False	False
PH3B0_CH002	9	14244748	14902924	BMI__Anxiety	1	2	False	True	False	False
PH3B0_CH002	9	14244748	14902924	BMI__MDD	0	2	False	True	False	False
PH3B0_CH002	9	14244748	14902924	BMI__PTSD	1	2	False	True	False	False
PH3B0_CH002	9	14244748	14902924	CAD__Anxiety	0	2	False	True	False	False
PH3B0_CH002	9	14244748	14902924	CAD__MDD	0	2	False	True	False	False
PH3B0_CH002	9	14244748	14902924	CAD__PTSD	0	2	False	True	False	False
PH3B0_CH002	9	14244748	14902924	T2D__Anxiety	0	2	False	True	False	False
PH3B0_CH002	9	14244748	14902924	T2D__MDD	0	2	False	True	False	False
PH3B0_CH002	9	14244748	14902924	T2D__PTSD	0	2	False	True	False	False
PH3B0_CH056	9	81161598	82601465	CD__BMI	0	1	False	False	False	False
PH3B0_CH056	9	81161598	82601465	CD__CAD	0	1	False	False	False	False
PH3B0_CH056	9	81161598	82601465	CD__T2D	0	1	False	False	False	False
PH3B0_CH056	9	81161598	82601465	PsA__BMI	0	1	False	False	False	False
PH3B0_CH056	9	81161598	82601465	PsA__CAD	0	1	False	False	False	False
PH3B0_CH056	9	81161598	82601465	PsA__T2D	0	1	False	False	False	False
PH3B0_CH056	9	81161598	82601465	UC__BMI	0	1	False	False	False	False
PH3B0_CH056	9	81161598	82601465	UC__CAD	0	1	False	False	False	False
PH3B0_CH056	9	81161598	82601465	UC__T2D	0	1	False	False	False	False
PH3B0_CH056	9	81161598	82601465	CD__Anxiety	0	1	False	False	False	False
PH3B0_CH056	9	81161598	82601465	CD__MDD	0	1	False	False	False	False
PH3B0_CH056	9	81161598	82601465	CD__PTSD	0	1	False	False	False	False
PH3B0_CH056	9	81161598	82601465	PsA__Anxiety	0	1	False	False	False	False
PH3B0_CH056	9	81161598	82601465	PsA__MDD	0	1	False	False	False	False
PH3B0_CH056	9	81161598	82601465	PsA__PTSD	0	1	False	False	False	False
PH3B0_CH056	9	81161598	82601465	UC__Anxiety	0	1	False	False	False	False
PH3B0_CH056	9	81161598	82601465	UC__MDD	0	1	False	False	False	False
PH3B0_CH056	9	81161598	82601465	UC__PTSD	0	1	False	False	False	False
PH3B0_CH056	9	81161598	82601465	BMI__Anxiety	0	1	False	False	False	False
PH3B0_CH056	9	81161598	82601465	BMI__MDD	0	1	False	False	False	False
PH3B0_CH056	9	81161598	82601465	BMI__PTSD	0	1	False	False	False	False
PH3B0_CH056	9	81161598	82601465	CAD__Anxiety	0	1	False	False	False	False
PH3B0_CH056	9	81161598	82601465	CAD__MDD	0	1	False	False	False	False
PH3B0_CH056	9	81161598	82601465	CAD__PTSD	0	1	False	False	False	False
PH3B0_CH056	9	81161598	82601465	T2D__Anxiety	0	1	False	False	False	False
PH3B0_CH056	9	81161598	82601465	T2D__MDD	0	1	False	False	False	False
PH3B0_CH056	9	81161598	82601465	T2D__PTSD	1	1	False	False	False	False
PH3B0_CH036	10	32457294	33655458	CD__BMI	0	1	False	False	False	False
PH3B0_CH036	10	32457294	33655458	CD__CAD	0	1	False	False	False	False
PH3B0_CH036	10	32457294	33655458	CD__T2D	0	1	False	False	False	False
PH3B0_CH036	10	32457294	33655458	PsA__BMI	0	1	False	False	False	False
PH3B0_CH036	10	32457294	33655458	PsA__CAD	0	1	False	False	False	False
PH3B0_CH036	10	32457294	33655458	PsA__T2D	0	1	False	False	False	False
PH3B0_CH036	10	32457294	33655458	UC__BMI	0	1	False	False	False	False
PH3B0_CH036	10	32457294	33655458	UC__CAD	0	1	False	False	False	False
PH3B0_CH036	10	32457294	33655458	UC__T2D	0	1	False	False	False	False
PH3B0_CH036	10	32457294	33655458	CD__Anxiety	0	1	False	False	False	False
PH3B0_CH036	10	32457294	33655458	CD__MDD	0	1	False	False	False	False
PH3B0_CH036	10	32457294	33655458	CD__PTSD	0	1	False	False	False	False
PH3B0_CH036	10	32457294	33655458	PsA__Anxiety	0	1	False	False	False	False
PH3B0_CH036	10	32457294	33655458	PsA__MDD	0	1	False	False	False	False
PH3B0_CH036	10	32457294	33655458	PsA__PTSD	0	1	False	False	False	False
PH3B0_CH036	10	32457294	33655458	UC__Anxiety	0	1	False	False	False	False
PH3B0_CH036	10	32457294	33655458	UC__MDD	0	1	False	False	False	False
PH3B0_CH036	10	32457294	33655458	UC__PTSD	0	1	False	False	False	False
PH3B0_CH036	10	32457294	33655458	BMI__Anxiety	0	1	False	False	False	False
PH3B0_CH036	10	32457294	33655458	BMI__MDD	0	1	False	False	False	False
PH3B0_CH036	10	32457294	33655458	BMI__PTSD	0	1	False	False	False	False
PH3B0_CH036	10	32457294	33655458	CAD__Anxiety	0	1	False	False	False	False
PH3B0_CH036	10	32457294	33655458	CAD__MDD	0	1	False	False	False	False
PH3B0_CH036	10	32457294	33655458	CAD__PTSD	1	1	False	False	False	False
PH3B0_CH036	10	32457294	33655458	T2D__Anxiety	0	1	False	False	False	False
PH3B0_CH036	10	32457294	33655458	T2D__MDD	0	1	False	False	False	False
PH3B0_CH036	10	32457294	33655458	T2D__PTSD	0	1	False	False	False	False
PH3B0_CH029	11	42858198	43949377	CD__BMI	0	1	False	False	False	False
PH3B0_CH029	11	42858198	43949377	CD__CAD	0	1	False	False	False	False
PH3B0_CH029	11	42858198	43949377	CD__T2D	0	1	False	False	False	False
PH3B0_CH029	11	42858198	43949377	PsA__BMI	0	1	False	False	False	False
PH3B0_CH029	11	42858198	43949377	PsA__CAD	0	1	False	False	False	False
PH3B0_CH029	11	42858198	43949377	PsA__T2D	0	1	False	False	False	False
PH3B0_CH029	11	42858198	43949377	UC__BMI	0	1	False	False	False	False
PH3B0_CH029	11	42858198	43949377	UC__CAD	0	1	False	False	False	False
PH3B0_CH029	11	42858198	43949377	UC__T2D	0	1	False	False	False	False
PH3B0_CH029	11	42858198	43949377	CD__Anxiety	0	1	False	False	False	False
PH3B0_CH029	11	42858198	43949377	CD__MDD	0	1	False	False	False	False
PH3B0_CH029	11	42858198	43949377	CD__PTSD	0	1	False	False	False	False
PH3B0_CH029	11	42858198	43949377	PsA__Anxiety	0	1	False	False	False	False
PH3B0_CH029	11	42858198	43949377	PsA__MDD	0	1	False	False	False	False
PH3B0_CH029	11	42858198	43949377	PsA__PTSD	0	1	False	False	False	False
PH3B0_CH029	11	42858198	43949377	UC__Anxiety	0	1	False	False	False	False
PH3B0_CH029	11	42858198	43949377	UC__MDD	0	1	False	False	False	False
PH3B0_CH029	11	42858198	43949377	UC__PTSD	0	1	False	False	False	False
PH3B0_CH029	11	42858198	43949377	BMI__Anxiety	0	1	False	False	False	False
PH3B0_CH029	11	42858198	43949377	BMI__MDD	0	1	False	False	False	False
PH3B0_CH029	11	42858198	43949377	BMI__PTSD	0	1	False	False	False	False
PH3B0_CH029	11	42858198	43949377	CAD__Anxiety	1	1	False	False	False	False
PH3B0_CH029	11	42858198	43949377	CAD__MDD	0	1	False	False	False	False
PH3B0_CH029	11	42858198	43949377	CAD__PTSD	0	1	False	False	False	False
PH3B0_CH029	11	42858198	43949377	T2D__Anxiety	0	1	False	False	False	False
PH3B0_CH029	11	42858198	43949377	T2D__MDD	0	1	False	False	False	False
PH3B0_CH029	11	42858198	43949377	T2D__PTSD	0	1	False	False	False	False
PH3B0_CH021	11	45019560	46316005	CD__BMI	0	1	False	False	False	False
PH3B0_CH021	11	45019560	46316005	CD__CAD	0	1	False	False	False	False
PH3B0_CH021	11	45019560	46316005	CD__T2D	0	1	False	False	False	False
PH3B0_CH021	11	45019560	46316005	PsA__BMI	0	1	False	False	False	False
PH3B0_CH021	11	45019560	46316005	PsA__CAD	0	1	False	False	False	False
PH3B0_CH021	11	45019560	46316005	PsA__T2D	0	1	False	False	False	False
PH3B0_CH021	11	45019560	46316005	UC__BMI	0	1	False	False	False	False
PH3B0_CH021	11	45019560	46316005	UC__CAD	0	1	False	False	False	False
PH3B0_CH021	11	45019560	46316005	UC__T2D	0	1	False	False	False	False
PH3B0_CH021	11	45019560	46316005	CD__Anxiety	0	1	False	False	False	False
PH3B0_CH021	11	45019560	46316005	CD__MDD	0	1	False	False	False	False
PH3B0_CH021	11	45019560	46316005	CD__PTSD	0	1	False	False	False	False
PH3B0_CH021	11	45019560	46316005	PsA__Anxiety	0	1	False	False	False	False
PH3B0_CH021	11	45019560	46316005	PsA__MDD	0	1	False	False	False	False
PH3B0_CH021	11	45019560	46316005	PsA__PTSD	0	1	False	False	False	False
PH3B0_CH021	11	45019560	46316005	UC__Anxiety	0	1	False	False	False	False
PH3B0_CH021	11	45019560	46316005	UC__MDD	0	1	False	False	False	False
PH3B0_CH021	11	45019560	46316005	UC__PTSD	0	1	False	False	False	False
PH3B0_CH021	11	45019560	46316005	BMI__Anxiety	0	1	False	False	False	False
PH3B0_CH021	11	45019560	46316005	BMI__MDD	1	1	False	False	False	False
PH3B0_CH021	11	45019560	46316005	BMI__PTSD	0	1	False	False	False	False
PH3B0_CH021	11	45019560	46316005	CAD__Anxiety	0	1	False	False	False	False
PH3B0_CH021	11	45019560	46316005	CAD__MDD	0	1	False	False	False	False
PH3B0_CH021	11	45019560	46316005	CAD__PTSD	0	1	False	False	False	False
PH3B0_CH021	11	45019560	46316005	T2D__Anxiety	0	1	False	False	False	False
PH3B0_CH021	11	45019560	46316005	T2D__MDD	0	1	False	False	False	False
PH3B0_CH021	11	45019560	46316005	T2D__PTSD	0	1	False	False	False	False
PH3B0_CH053	11	46316006	48066366	CD__BMI	0	1	False	False	False	False
PH3B0_CH053	11	46316006	48066366	CD__CAD	0	1	False	False	False	False
PH3B0_CH053	11	46316006	48066366	CD__T2D	0	1	False	False	False	False
PH3B0_CH053	11	46316006	48066366	PsA__BMI	0	1	False	False	False	False
PH3B0_CH053	11	46316006	48066366	PsA__CAD	0	1	False	False	False	False
PH3B0_CH053	11	46316006	48066366	PsA__T2D	0	1	False	False	False	False
PH3B0_CH053	11	46316006	48066366	UC__BMI	0	1	False	False	False	False
PH3B0_CH053	11	46316006	48066366	UC__CAD	0	1	False	False	False	False
PH3B0_CH053	11	46316006	48066366	UC__T2D	0	1	False	False	False	False
PH3B0_CH053	11	46316006	48066366	CD__Anxiety	0	1	False	False	False	False
PH3B0_CH053	11	46316006	48066366	CD__MDD	0	1	False	False	False	False
PH3B0_CH053	11	46316006	48066366	CD__PTSD	0	1	False	False	False	False
PH3B0_CH053	11	46316006	48066366	PsA__Anxiety	0	1	False	False	False	False
PH3B0_CH053	11	46316006	48066366	PsA__MDD	0	1	False	False	False	False
PH3B0_CH053	11	46316006	48066366	PsA__PTSD	0	1	False	False	False	False
PH3B0_CH053	11	46316006	48066366	UC__Anxiety	0	1	False	False	False	False
PH3B0_CH053	11	46316006	48066366	UC__MDD	0	1	False	False	False	False
PH3B0_CH053	11	46316006	48066366	UC__PTSD	0	1	False	False	False	False
PH3B0_CH053	11	46316006	48066366	BMI__Anxiety	0	1	False	False	False	False
PH3B0_CH053	11	46316006	48066366	BMI__MDD	0	1	False	False	False	False
PH3B0_CH053	11	46316006	48066366	BMI__PTSD	0	1	False	False	False	False
PH3B0_CH053	11	46316006	48066366	CAD__Anxiety	0	1	False	False	False	False
PH3B0_CH053	11	46316006	48066366	CAD__MDD	0	1	False	False	False	False
PH3B0_CH053	11	46316006	48066366	CAD__PTSD	0	1	False	False	False	False
PH3B0_CH053	11	46316006	48066366	T2D__Anxiety	0	1	False	False	False	False
PH3B0_CH053	11	46316006	48066366	T2D__MDD	1	1	False	False	False	False
PH3B0_CH053	11	46316006	48066366	T2D__PTSD	0	1	False	False	False	False
PH3B0_CH047	11	68887345	69713996	CD__BMI	0	1	False	False	False	False
PH3B0_CH047	11	68887345	69713996	CD__CAD	0	1	False	False	False	False
PH3B0_CH047	11	68887345	69713996	CD__T2D	1	1	False	False	False	False
PH3B0_CH047	11	68887345	69713996	PsA__BMI	0	1	False	False	False	False
PH3B0_CH047	11	68887345	69713996	PsA__CAD	0	1	False	False	False	False
PH3B0_CH047	11	68887345	69713996	PsA__T2D	0	1	False	False	False	False
PH3B0_CH047	11	68887345	69713996	UC__BMI	0	1	False	False	False	False
PH3B0_CH047	11	68887345	69713996	UC__CAD	0	1	False	False	False	False
PH3B0_CH047	11	68887345	69713996	UC__T2D	0	1	False	False	False	False
PH3B0_CH047	11	68887345	69713996	CD__Anxiety	0	1	False	False	False	False
PH3B0_CH047	11	68887345	69713996	CD__MDD	0	1	False	False	False	False
PH3B0_CH047	11	68887345	69713996	CD__PTSD	0	1	False	False	False	False
PH3B0_CH047	11	68887345	69713996	PsA__Anxiety	0	1	False	False	False	False
PH3B0_CH047	11	68887345	69713996	PsA__MDD	0	1	False	False	False	False
PH3B0_CH047	11	68887345	69713996	PsA__PTSD	0	1	False	False	False	False
PH3B0_CH047	11	68887345	69713996	UC__Anxiety	0	1	False	False	False	False
PH3B0_CH047	11	68887345	69713996	UC__MDD	0	1	False	False	False	False
PH3B0_CH047	11	68887345	69713996	UC__PTSD	0	1	False	False	False	False
PH3B0_CH047	11	68887345	69713996	BMI__Anxiety	0	1	False	False	False	False
PH3B0_CH047	11	68887345	69713996	BMI__MDD	0	1	False	False	False	False
PH3B0_CH047	11	68887345	69713996	BMI__PTSD	0	1	False	False	False	False
PH3B0_CH047	11	68887345	69713996	CAD__Anxiety	0	1	False	False	False	False
PH3B0_CH047	11	68887345	69713996	CAD__MDD	0	1	False	False	False	False
PH3B0_CH047	11	68887345	69713996	CAD__PTSD	0	1	False	False	False	False
PH3B0_CH047	11	68887345	69713996	T2D__Anxiety	0	1	False	False	False	False
PH3B0_CH047	11	68887345	69713996	T2D__MDD	0	1	False	False	False	False
PH3B0_CH047	11	68887345	69713996	T2D__PTSD	0	1	False	False	False	False
PH3B0_CH030	11	112755447	113889019	CD__BMI	0	2	False	True	False	False
PH3B0_CH030	11	112755447	113889019	CD__CAD	0	2	False	True	False	False
PH3B0_CH030	11	112755447	113889019	CD__T2D	0	2	False	True	False	False
PH3B0_CH030	11	112755447	113889019	PsA__BMI	0	2	False	True	False	False
PH3B0_CH030	11	112755447	113889019	PsA__CAD	0	2	False	True	False	False
PH3B0_CH030	11	112755447	113889019	PsA__T2D	0	2	False	True	False	False
PH3B0_CH030	11	112755447	113889019	UC__BMI	0	2	False	True	False	False
PH3B0_CH030	11	112755447	113889019	UC__CAD	0	2	False	True	False	False
PH3B0_CH030	11	112755447	113889019	UC__T2D	0	2	False	True	False	False
PH3B0_CH030	11	112755447	113889019	CD__Anxiety	0	2	False	True	False	False
PH3B0_CH030	11	112755447	113889019	CD__MDD	0	2	False	True	False	False
PH3B0_CH030	11	112755447	113889019	CD__PTSD	0	2	False	True	False	False
PH3B0_CH030	11	112755447	113889019	PsA__Anxiety	0	2	False	True	False	False
PH3B0_CH030	11	112755447	113889019	PsA__MDD	0	2	False	True	False	False
PH3B0_CH030	11	112755447	113889019	PsA__PTSD	0	2	False	True	False	False
PH3B0_CH030	11	112755447	113889019	UC__Anxiety	0	2	False	True	False	False
PH3B0_CH030	11	112755447	113889019	UC__MDD	0	2	False	True	False	False
PH3B0_CH030	11	112755447	113889019	UC__PTSD	0	2	False	True	False	False
PH3B0_CH030	11	112755447	113889019	BMI__Anxiety	0	2	False	True	False	False
PH3B0_CH030	11	112755447	113889019	BMI__MDD	0	2	False	True	False	False
PH3B0_CH030	11	112755447	113889019	BMI__PTSD	0	2	False	True	False	False
PH3B0_CH030	11	112755447	113889019	CAD__Anxiety	1	2	False	True	False	False
PH3B0_CH030	11	112755447	113889019	CAD__MDD	1	2	False	True	False	False
PH3B0_CH030	11	112755447	113889019	CAD__PTSD	0	2	False	True	False	False
PH3B0_CH030	11	112755447	113889019	T2D__Anxiety	0	2	False	True	False	False
PH3B0_CH030	11	112755447	113889019	T2D__MDD	0	2	False	True	False	False
PH3B0_CH030	11	112755447	113889019	T2D__PTSD	0	2	False	True	False	False
PH3B0_CH059	12	56987106	58748139	CD__BMI	0	1	False	False	False	False
PH3B0_CH059	12	56987106	58748139	CD__CAD	0	1	False	False	False	False
PH3B0_CH059	12	56987106	58748139	CD__T2D	0	1	False	False	False	False
PH3B0_CH059	12	56987106	58748139	PsA__BMI	0	1	False	False	False	False
PH3B0_CH059	12	56987106	58748139	PsA__CAD	0	1	False	False	False	False
PH3B0_CH059	12	56987106	58748139	PsA__T2D	0	1	False	False	False	False
PH3B0_CH059	12	56987106	58748139	UC__BMI	0	1	False	False	False	False
PH3B0_CH059	12	56987106	58748139	UC__CAD	0	1	False	False	False	False
PH3B0_CH059	12	56987106	58748139	UC__T2D	0	1	False	False	False	False
PH3B0_CH059	12	56987106	58748139	CD__Anxiety	0	1	False	False	False	False
PH3B0_CH059	12	56987106	58748139	CD__MDD	0	1	False	False	False	False
PH3B0_CH059	12	56987106	58748139	CD__PTSD	0	1	False	False	False	False
PH3B0_CH059	12	56987106	58748139	PsA__Anxiety	0	1	False	False	False	False
PH3B0_CH059	12	56987106	58748139	PsA__MDD	0	1	False	False	False	False
PH3B0_CH059	12	56987106	58748139	PsA__PTSD	0	1	False	False	False	False
PH3B0_CH059	12	56987106	58748139	UC__Anxiety	0	1	False	False	False	False
PH3B0_CH059	12	56987106	58748139	UC__MDD	0	1	False	False	False	False
PH3B0_CH059	12	56987106	58748139	UC__PTSD	1	1	False	False	False	False
PH3B0_CH059	12	56987106	58748139	BMI__Anxiety	0	1	False	False	False	False
PH3B0_CH059	12	56987106	58748139	BMI__MDD	0	1	False	False	False	False
PH3B0_CH059	12	56987106	58748139	BMI__PTSD	0	1	False	False	False	False
PH3B0_CH059	12	56987106	58748139	CAD__Anxiety	0	1	False	False	False	False
PH3B0_CH059	12	56987106	58748139	CAD__MDD	0	1	False	False	False	False
PH3B0_CH059	12	56987106	58748139	CAD__PTSD	0	1	False	False	False	False
PH3B0_CH059	12	56987106	58748139	T2D__Anxiety	0	1	False	False	False	False
PH3B0_CH059	12	56987106	58748139	T2D__MDD	0	1	False	False	False	False
PH3B0_CH059	12	56987106	58748139	T2D__PTSD	0	1	False	False	False	False
PH3B0_CH022	12	121817510	123396634	CD__BMI	0	1	False	False	False	False
PH3B0_CH022	12	121817510	123396634	CD__CAD	0	1	False	False	False	False
PH3B0_CH022	12	121817510	123396634	CD__T2D	0	1	False	False	False	False
PH3B0_CH022	12	121817510	123396634	PsA__BMI	0	1	False	False	False	False
PH3B0_CH022	12	121817510	123396634	PsA__CAD	0	1	False	False	False	False
PH3B0_CH022	12	121817510	123396634	PsA__T2D	0	1	False	False	False	False
PH3B0_CH022	12	121817510	123396634	UC__BMI	0	1	False	False	False	False
PH3B0_CH022	12	121817510	123396634	UC__CAD	0	1	False	False	False	False
PH3B0_CH022	12	121817510	123396634	UC__T2D	0	1	False	False	False	False
PH3B0_CH022	12	121817510	123396634	CD__Anxiety	0	1	False	False	False	False
PH3B0_CH022	12	121817510	123396634	CD__MDD	0	1	False	False	False	False
PH3B0_CH022	12	121817510	123396634	CD__PTSD	0	1	False	False	False	False
PH3B0_CH022	12	121817510	123396634	PsA__Anxiety	0	1	False	False	False	False
PH3B0_CH022	12	121817510	123396634	PsA__MDD	0	1	False	False	False	False
PH3B0_CH022	12	121817510	123396634	PsA__PTSD	0	1	False	False	False	False
PH3B0_CH022	12	121817510	123396634	UC__Anxiety	0	1	False	False	False	False
PH3B0_CH022	12	121817510	123396634	UC__MDD	0	1	False	False	False	False
PH3B0_CH022	12	121817510	123396634	UC__PTSD	0	1	False	False	False	False
PH3B0_CH022	12	121817510	123396634	BMI__Anxiety	0	1	False	False	False	False
PH3B0_CH022	12	121817510	123396634	BMI__MDD	1	1	False	False	False	False
PH3B0_CH022	12	121817510	123396634	BMI__PTSD	0	1	False	False	False	False
PH3B0_CH022	12	121817510	123396634	CAD__Anxiety	0	1	False	False	False	False
PH3B0_CH022	12	121817510	123396634	CAD__MDD	0	1	False	False	False	False
PH3B0_CH022	12	121817510	123396634	CAD__PTSD	0	1	False	False	False	False
PH3B0_CH022	12	121817510	123396634	T2D__Anxiety	0	1	False	False	False	False
PH3B0_CH022	12	121817510	123396634	T2D__MDD	0	1	False	False	False	False
PH3B0_CH022	12	121817510	123396634	T2D__PTSD	0	1	False	False	False	False
PH3B0_CH023	13	53336572	54684856	CD__BMI	0	1	False	False	False	False
PH3B0_CH023	13	53336572	54684856	CD__CAD	0	1	False	False	False	False
PH3B0_CH023	13	53336572	54684856	CD__T2D	0	1	False	False	False	False
PH3B0_CH023	13	53336572	54684856	PsA__BMI	0	1	False	False	False	False
PH3B0_CH023	13	53336572	54684856	PsA__CAD	0	1	False	False	False	False
PH3B0_CH023	13	53336572	54684856	PsA__T2D	0	1	False	False	False	False
PH3B0_CH023	13	53336572	54684856	UC__BMI	0	1	False	False	False	False
PH3B0_CH023	13	53336572	54684856	UC__CAD	0	1	False	False	False	False
PH3B0_CH023	13	53336572	54684856	UC__T2D	0	1	False	False	False	False
PH3B0_CH023	13	53336572	54684856	CD__Anxiety	0	1	False	False	False	False
PH3B0_CH023	13	53336572	54684856	CD__MDD	0	1	False	False	False	False
PH3B0_CH023	13	53336572	54684856	CD__PTSD	0	1	False	False	False	False
PH3B0_CH023	13	53336572	54684856	PsA__Anxiety	0	1	False	False	False	False
PH3B0_CH023	13	53336572	54684856	PsA__MDD	0	1	False	False	False	False
PH3B0_CH023	13	53336572	54684856	PsA__PTSD	0	1	False	False	False	False
PH3B0_CH023	13	53336572	54684856	UC__Anxiety	0	1	False	False	False	False
PH3B0_CH023	13	53336572	54684856	UC__MDD	0	1	False	False	False	False
PH3B0_CH023	13	53336572	54684856	UC__PTSD	0	1	False	False	False	False
PH3B0_CH023	13	53336572	54684856	BMI__Anxiety	0	1	False	False	False	False
PH3B0_CH023	13	53336572	54684856	BMI__MDD	1	1	False	False	False	False
PH3B0_CH023	13	53336572	54684856	BMI__PTSD	0	1	False	False	False	False
PH3B0_CH023	13	53336572	54684856	CAD__Anxiety	0	1	False	False	False	False
PH3B0_CH023	13	53336572	54684856	CAD__MDD	0	1	False	False	False	False
PH3B0_CH023	13	53336572	54684856	CAD__PTSD	0	1	False	False	False	False
PH3B0_CH023	13	53336572	54684856	T2D__Anxiety	0	1	False	False	False	False
PH3B0_CH023	13	53336572	54684856	T2D__MDD	0	1	False	False	False	False
PH3B0_CH023	13	53336572	54684856	T2D__PTSD	0	1	False	False	False	False
PH3B0_CH024	13	81724090	82582821	CD__BMI	0	1	False	False	False	False
PH3B0_CH024	13	81724090	82582821	CD__CAD	0	1	False	False	False	False
PH3B0_CH024	13	81724090	82582821	CD__T2D	0	1	False	False	False	False
PH3B0_CH024	13	81724090	82582821	PsA__BMI	0	1	False	False	False	False
PH3B0_CH024	13	81724090	82582821	PsA__CAD	0	1	False	False	False	False
PH3B0_CH024	13	81724090	82582821	PsA__T2D	0	1	False	False	False	False
PH3B0_CH024	13	81724090	82582821	UC__BMI	0	1	False	False	False	False
PH3B0_CH024	13	81724090	82582821	UC__CAD	0	1	False	False	False	False
PH3B0_CH024	13	81724090	82582821	UC__T2D	0	1	False	False	False	False
PH3B0_CH024	13	81724090	82582821	CD__Anxiety	0	1	False	False	False	False
PH3B0_CH024	13	81724090	82582821	CD__MDD	0	1	False	False	False	False
PH3B0_CH024	13	81724090	82582821	CD__PTSD	0	1	False	False	False	False
PH3B0_CH024	13	81724090	82582821	PsA__Anxiety	0	1	False	False	False	False
PH3B0_CH024	13	81724090	82582821	PsA__MDD	0	1	False	False	False	False
PH3B0_CH024	13	81724090	82582821	PsA__PTSD	0	1	False	False	False	False
PH3B0_CH024	13	81724090	82582821	UC__Anxiety	0	1	False	False	False	False
PH3B0_CH024	13	81724090	82582821	UC__MDD	0	1	False	False	False	False
PH3B0_CH024	13	81724090	82582821	UC__PTSD	0	1	False	False	False	False
PH3B0_CH024	13	81724090	82582821	BMI__Anxiety	0	1	False	False	False	False
PH3B0_CH024	13	81724090	82582821	BMI__MDD	1	1	False	False	False	False
PH3B0_CH024	13	81724090	82582821	BMI__PTSD	0	1	False	False	False	False
PH3B0_CH024	13	81724090	82582821	CAD__Anxiety	0	1	False	False	False	False
PH3B0_CH024	13	81724090	82582821	CAD__MDD	0	1	False	False	False	False
PH3B0_CH024	13	81724090	82582821	CAD__PTSD	0	1	False	False	False	False
PH3B0_CH024	13	81724090	82582821	T2D__Anxiety	0	1	False	False	False	False
PH3B0_CH024	13	81724090	82582821	T2D__MDD	0	1	False	False	False	False
PH3B0_CH024	13	81724090	82582821	T2D__PTSD	0	1	False	False	False	False
PH3B0_CH003	14	46748239	48177483	CD__BMI	0	1	False	False	False	False
PH3B0_CH003	14	46748239	48177483	CD__CAD	0	1	False	False	False	False
PH3B0_CH003	14	46748239	48177483	CD__T2D	0	1	False	False	False	False
PH3B0_CH003	14	46748239	48177483	PsA__BMI	0	1	False	False	False	False
PH3B0_CH003	14	46748239	48177483	PsA__CAD	0	1	False	False	False	False
PH3B0_CH003	14	46748239	48177483	PsA__T2D	0	1	False	False	False	False
PH3B0_CH003	14	46748239	48177483	UC__BMI	0	1	False	False	False	False
PH3B0_CH003	14	46748239	48177483	UC__CAD	0	1	False	False	False	False
PH3B0_CH003	14	46748239	48177483	UC__T2D	0	1	False	False	False	False
PH3B0_CH003	14	46748239	48177483	CD__Anxiety	0	1	False	False	False	False
PH3B0_CH003	14	46748239	48177483	CD__MDD	0	1	False	False	False	False
PH3B0_CH003	14	46748239	48177483	CD__PTSD	0	1	False	False	False	False
PH3B0_CH003	14	46748239	48177483	PsA__Anxiety	0	1	False	False	False	False
PH3B0_CH003	14	46748239	48177483	PsA__MDD	0	1	False	False	False	False
PH3B0_CH003	14	46748239	48177483	PsA__PTSD	0	1	False	False	False	False
PH3B0_CH003	14	46748239	48177483	UC__Anxiety	0	1	False	False	False	False
PH3B0_CH003	14	46748239	48177483	UC__MDD	0	1	False	False	False	False
PH3B0_CH003	14	46748239	48177483	UC__PTSD	0	1	False	False	False	False
PH3B0_CH003	14	46748239	48177483	BMI__Anxiety	1	1	False	False	False	False
PH3B0_CH003	14	46748239	48177483	BMI__MDD	0	1	False	False	False	False
PH3B0_CH003	14	46748239	48177483	BMI__PTSD	0	1	False	False	False	False
PH3B0_CH003	14	46748239	48177483	CAD__Anxiety	0	1	False	False	False	False
PH3B0_CH003	14	46748239	48177483	CAD__MDD	0	1	False	False	False	False
PH3B0_CH003	14	46748239	48177483	CAD__PTSD	0	1	False	False	False	False
PH3B0_CH003	14	46748239	48177483	T2D__Anxiety	0	1	False	False	False	False
PH3B0_CH003	14	46748239	48177483	T2D__MDD	0	1	False	False	False	False
PH3B0_CH003	14	46748239	48177483	T2D__PTSD	0	1	False	False	False	False
PH3B0_CH004	14	102004378	103617472	CD__BMI	0	1	False	False	False	False
PH3B0_CH004	14	102004378	103617472	CD__CAD	0	1	False	False	False	False
PH3B0_CH004	14	102004378	103617472	CD__T2D	0	1	False	False	False	False
PH3B0_CH004	14	102004378	103617472	PsA__BMI	0	1	False	False	False	False
PH3B0_CH004	14	102004378	103617472	PsA__CAD	0	1	False	False	False	False
PH3B0_CH004	14	102004378	103617472	PsA__T2D	0	1	False	False	False	False
PH3B0_CH004	14	102004378	103617472	UC__BMI	0	1	False	False	False	False
PH3B0_CH004	14	102004378	103617472	UC__CAD	0	1	False	False	False	False
PH3B0_CH004	14	102004378	103617472	UC__T2D	0	1	False	False	False	False
PH3B0_CH004	14	102004378	103617472	CD__Anxiety	0	1	False	False	False	False
PH3B0_CH004	14	102004378	103617472	CD__MDD	0	1	False	False	False	False
PH3B0_CH004	14	102004378	103617472	CD__PTSD	0	1	False	False	False	False
PH3B0_CH004	14	102004378	103617472	PsA__Anxiety	0	1	False	False	False	False
PH3B0_CH004	14	102004378	103617472	PsA__MDD	0	1	False	False	False	False
PH3B0_CH004	14	102004378	103617472	PsA__PTSD	0	1	False	False	False	False
PH3B0_CH004	14	102004378	103617472	UC__Anxiety	0	1	False	False	False	False
PH3B0_CH004	14	102004378	103617472	UC__MDD	0	1	False	False	False	False
PH3B0_CH004	14	102004378	103617472	UC__PTSD	0	1	False	False	False	False
PH3B0_CH004	14	102004378	103617472	BMI__Anxiety	1	1	False	False	False	False
PH3B0_CH004	14	102004378	103617472	BMI__MDD	0	1	False	False	False	False
PH3B0_CH004	14	102004378	103617472	BMI__PTSD	0	1	False	False	False	False
PH3B0_CH004	14	102004378	103617472	CAD__Anxiety	0	1	False	False	False	False
PH3B0_CH004	14	102004378	103617472	CAD__MDD	0	1	False	False	False	False
PH3B0_CH004	14	102004378	103617472	CAD__PTSD	0	1	False	False	False	False
PH3B0_CH004	14	102004378	103617472	T2D__Anxiety	0	1	False	False	False	False
PH3B0_CH004	14	102004378	103617472	T2D__MDD	0	1	False	False	False	False
PH3B0_CH004	14	102004378	103617472	T2D__PTSD	0	1	False	False	False	False
PH3B0_CH043	15	67396521	69089815	CD__BMI	0	2	False	True	False	False
PH3B0_CH043	15	67396521	69089815	CD__CAD	1	2	False	True	False	False
PH3B0_CH043	15	67396521	69089815	CD__T2D	0	2	False	True	False	False
PH3B0_CH043	15	67396521	69089815	PsA__BMI	0	2	False	True	False	False
PH3B0_CH043	15	67396521	69089815	PsA__CAD	0	2	False	True	False	False
PH3B0_CH043	15	67396521	69089815	PsA__T2D	0	2	False	True	False	False
PH3B0_CH043	15	67396521	69089815	UC__BMI	0	2	False	True	False	False
PH3B0_CH043	15	67396521	69089815	UC__CAD	1	2	False	True	False	False
PH3B0_CH043	15	67396521	69089815	UC__T2D	0	2	False	True	False	False
PH3B0_CH043	15	67396521	69089815	CD__Anxiety	0	2	False	True	False	False
PH3B0_CH043	15	67396521	69089815	CD__MDD	0	2	False	True	False	False
PH3B0_CH043	15	67396521	69089815	CD__PTSD	0	2	False	True	False	False
PH3B0_CH043	15	67396521	69089815	PsA__Anxiety	0	2	False	True	False	False
PH3B0_CH043	15	67396521	69089815	PsA__MDD	0	2	False	True	False	False
PH3B0_CH043	15	67396521	69089815	PsA__PTSD	0	2	False	True	False	False
PH3B0_CH043	15	67396521	69089815	UC__Anxiety	0	2	False	True	False	False
PH3B0_CH043	15	67396521	69089815	UC__MDD	0	2	False	True	False	False
PH3B0_CH043	15	67396521	69089815	UC__PTSD	0	2	False	True	False	False
PH3B0_CH043	15	67396521	69089815	BMI__Anxiety	0	2	False	True	False	False
PH3B0_CH043	15	67396521	69089815	BMI__MDD	0	2	False	True	False	False
PH3B0_CH043	15	67396521	69089815	BMI__PTSD	0	2	False	True	False	False
PH3B0_CH043	15	67396521	69089815	CAD__Anxiety	0	2	False	True	False	False
PH3B0_CH043	15	67396521	69089815	CAD__MDD	0	2	False	True	False	False
PH3B0_CH043	15	67396521	69089815	CAD__PTSD	0	2	False	True	False	False
PH3B0_CH043	15	67396521	69089815	T2D__Anxiety	0	2	False	True	False	False
PH3B0_CH043	15	67396521	69089815	T2D__MDD	0	2	False	True	False	False
PH3B0_CH043	15	67396521	69089815	T2D__PTSD	0	2	False	True	False	False
PH3B0_CH051	15	78514102	79292536	CD__BMI	0	1	False	False	False	False
PH3B0_CH051	15	78514102	79292536	CD__CAD	0	1	False	False	False	False
PH3B0_CH051	15	78514102	79292536	CD__T2D	0	1	False	False	False	False
PH3B0_CH051	15	78514102	79292536	PsA__BMI	0	1	False	False	False	False
PH3B0_CH051	15	78514102	79292536	PsA__CAD	1	1	False	False	False	False
PH3B0_CH051	15	78514102	79292536	PsA__T2D	0	1	False	False	False	False
PH3B0_CH051	15	78514102	79292536	UC__BMI	0	1	False	False	False	False
PH3B0_CH051	15	78514102	79292536	UC__CAD	0	1	False	False	False	False
PH3B0_CH051	15	78514102	79292536	UC__T2D	0	1	False	False	False	False
PH3B0_CH051	15	78514102	79292536	CD__Anxiety	0	1	False	False	False	False
PH3B0_CH051	15	78514102	79292536	CD__MDD	0	1	False	False	False	False
PH3B0_CH051	15	78514102	79292536	CD__PTSD	0	1	False	False	False	False
PH3B0_CH051	15	78514102	79292536	PsA__Anxiety	0	1	False	False	False	False
PH3B0_CH051	15	78514102	79292536	PsA__MDD	0	1	False	False	False	False
PH3B0_CH051	15	78514102	79292536	PsA__PTSD	0	1	False	False	False	False
PH3B0_CH051	15	78514102	79292536	UC__Anxiety	0	1	False	False	False	False
PH3B0_CH051	15	78514102	79292536	UC__MDD	0	1	False	False	False	False
PH3B0_CH051	15	78514102	79292536	UC__PTSD	0	1	False	False	False	False
PH3B0_CH051	15	78514102	79292536	BMI__Anxiety	0	1	False	False	False	False
PH3B0_CH051	15	78514102	79292536	BMI__MDD	0	1	False	False	False	False
PH3B0_CH051	15	78514102	79292536	BMI__PTSD	0	1	False	False	False	False
PH3B0_CH051	15	78514102	79292536	CAD__Anxiety	0	1	False	False	False	False
PH3B0_CH051	15	78514102	79292536	CAD__MDD	0	1	False	False	False	False
PH3B0_CH051	15	78514102	79292536	CAD__PTSD	0	1	False	False	False	False
PH3B0_CH051	15	78514102	79292536	T2D__Anxiety	0	1	False	False	False	False
PH3B0_CH051	15	78514102	79292536	T2D__MDD	0	1	False	False	False	False
PH3B0_CH051	15	78514102	79292536	T2D__PTSD	0	1	False	False	False	False
PH3B0_CH033	15	96864279	98025684	CD__BMI	0	1	False	False	False	False
PH3B0_CH033	15	96864279	98025684	CD__CAD	0	1	False	False	False	False
PH3B0_CH033	15	96864279	98025684	CD__T2D	0	1	False	False	False	False
PH3B0_CH033	15	96864279	98025684	PsA__BMI	0	1	False	False	False	False
PH3B0_CH033	15	96864279	98025684	PsA__CAD	0	1	False	False	False	False
PH3B0_CH033	15	96864279	98025684	PsA__T2D	0	1	False	False	False	False
PH3B0_CH033	15	96864279	98025684	UC__BMI	0	1	False	False	False	False
PH3B0_CH033	15	96864279	98025684	UC__CAD	0	1	False	False	False	False
PH3B0_CH033	15	96864279	98025684	UC__T2D	0	1	False	False	False	False
PH3B0_CH033	15	96864279	98025684	CD__Anxiety	0	1	False	False	False	False
PH3B0_CH033	15	96864279	98025684	CD__MDD	0	1	False	False	False	False
PH3B0_CH033	15	96864279	98025684	CD__PTSD	0	1	False	False	False	False
PH3B0_CH033	15	96864279	98025684	PsA__Anxiety	0	1	False	False	False	False
PH3B0_CH033	15	96864279	98025684	PsA__MDD	0	1	False	False	False	False
PH3B0_CH033	15	96864279	98025684	PsA__PTSD	0	1	False	False	False	False
PH3B0_CH033	15	96864279	98025684	UC__Anxiety	0	1	False	False	False	False
PH3B0_CH033	15	96864279	98025684	UC__MDD	0	1	False	False	False	False
PH3B0_CH033	15	96864279	98025684	UC__PTSD	0	1	False	False	False	False
PH3B0_CH033	15	96864279	98025684	BMI__Anxiety	0	1	False	False	False	False
PH3B0_CH033	15	96864279	98025684	BMI__MDD	0	1	False	False	False	False
PH3B0_CH033	15	96864279	98025684	BMI__PTSD	0	1	False	False	False	False
PH3B0_CH033	15	96864279	98025684	CAD__Anxiety	0	1	False	False	False	False
PH3B0_CH033	15	96864279	98025684	CAD__MDD	1	1	False	False	False	False
PH3B0_CH033	15	96864279	98025684	CAD__PTSD	0	1	False	False	False	False
PH3B0_CH033	15	96864279	98025684	T2D__Anxiety	0	1	False	False	False	False
PH3B0_CH033	15	96864279	98025684	T2D__MDD	0	1	False	False	False	False
PH3B0_CH033	15	96864279	98025684	T2D__PTSD	0	1	False	False	False	False
PH3B0_CH054	16	60169	1049079	CD__BMI	0	1	False	False	False	False
PH3B0_CH054	16	60169	1049079	CD__CAD	0	1	False	False	False	False
PH3B0_CH054	16	60169	1049079	CD__T2D	0	1	False	False	False	False
PH3B0_CH054	16	60169	1049079	PsA__BMI	0	1	False	False	False	False
PH3B0_CH054	16	60169	1049079	PsA__CAD	0	1	False	False	False	False
PH3B0_CH054	16	60169	1049079	PsA__T2D	0	1	False	False	False	False
PH3B0_CH054	16	60169	1049079	UC__BMI	0	1	False	False	False	False
PH3B0_CH054	16	60169	1049079	UC__CAD	0	1	False	False	False	False
PH3B0_CH054	16	60169	1049079	UC__T2D	0	1	False	False	False	False
PH3B0_CH054	16	60169	1049079	CD__Anxiety	0	1	False	False	False	False
PH3B0_CH054	16	60169	1049079	CD__MDD	0	1	False	False	False	False
PH3B0_CH054	16	60169	1049079	CD__PTSD	0	1	False	False	False	False
PH3B0_CH054	16	60169	1049079	PsA__Anxiety	0	1	False	False	False	False
PH3B0_CH054	16	60169	1049079	PsA__MDD	0	1	False	False	False	False
PH3B0_CH054	16	60169	1049079	PsA__PTSD	0	1	False	False	False	False
PH3B0_CH054	16	60169	1049079	UC__Anxiety	0	1	False	False	False	False
PH3B0_CH054	16	60169	1049079	UC__MDD	0	1	False	False	False	False
PH3B0_CH054	16	60169	1049079	UC__PTSD	0	1	False	False	False	False
PH3B0_CH054	16	60169	1049079	BMI__Anxiety	0	1	False	False	False	False
PH3B0_CH054	16	60169	1049079	BMI__MDD	0	1	False	False	False	False
PH3B0_CH054	16	60169	1049079	BMI__PTSD	0	1	False	False	False	False
PH3B0_CH054	16	60169	1049079	CAD__Anxiety	0	1	False	False	False	False
PH3B0_CH054	16	60169	1049079	CAD__MDD	0	1	False	False	False	False
PH3B0_CH054	16	60169	1049079	CAD__PTSD	0	1	False	False	False	False
PH3B0_CH054	16	60169	1049079	T2D__Anxiety	0	1	False	False	False	False
PH3B0_CH054	16	60169	1049079	T2D__MDD	1	1	False	False	False	False
PH3B0_CH054	16	60169	1049079	T2D__PTSD	0	1	False	False	False	False
PH3B0_CH041	16	27443062	29043177	CD__BMI	1	1	False	False	False	False
PH3B0_CH041	16	27443062	29043177	CD__CAD	0	1	False	False	False	False
PH3B0_CH041	16	27443062	29043177	CD__T2D	0	1	False	False	False	False
PH3B0_CH041	16	27443062	29043177	PsA__BMI	0	1	False	False	False	False
PH3B0_CH041	16	27443062	29043177	PsA__CAD	0	1	False	False	False	False
PH3B0_CH041	16	27443062	29043177	PsA__T2D	0	1	False	False	False	False
PH3B0_CH041	16	27443062	29043177	UC__BMI	0	1	False	False	False	False
PH3B0_CH041	16	27443062	29043177	UC__CAD	0	1	False	False	False	False
PH3B0_CH041	16	27443062	29043177	UC__T2D	0	1	False	False	False	False
PH3B0_CH041	16	27443062	29043177	CD__Anxiety	0	1	False	False	False	False
PH3B0_CH041	16	27443062	29043177	CD__MDD	0	1	False	False	False	False
PH3B0_CH041	16	27443062	29043177	CD__PTSD	0	1	False	False	False	False
PH3B0_CH041	16	27443062	29043177	PsA__Anxiety	0	1	False	False	False	False
PH3B0_CH041	16	27443062	29043177	PsA__MDD	0	1	False	False	False	False
PH3B0_CH041	16	27443062	29043177	PsA__PTSD	0	1	False	False	False	False
PH3B0_CH041	16	27443062	29043177	UC__Anxiety	0	1	False	False	False	False
PH3B0_CH041	16	27443062	29043177	UC__MDD	0	1	False	False	False	False
PH3B0_CH041	16	27443062	29043177	UC__PTSD	0	1	False	False	False	False
PH3B0_CH041	16	27443062	29043177	BMI__Anxiety	0	1	False	False	False	False
PH3B0_CH041	16	27443062	29043177	BMI__MDD	0	1	False	False	False	False
PH3B0_CH041	16	27443062	29043177	BMI__PTSD	0	1	False	False	False	False
PH3B0_CH041	16	27443062	29043177	CAD__Anxiety	0	1	False	False	False	False
PH3B0_CH041	16	27443062	29043177	CAD__MDD	0	1	False	False	False	False
PH3B0_CH041	16	27443062	29043177	CAD__PTSD	0	1	False	False	False	False
PH3B0_CH041	16	27443062	29043177	T2D__Anxiety	0	1	False	False	False	False
PH3B0_CH041	16	27443062	29043177	T2D__MDD	0	1	False	False	False	False
PH3B0_CH041	16	27443062	29043177	T2D__PTSD	0	1	False	False	False	False
PH3B0_CH025	16	53393883	54866095	CD__BMI	0	1	False	False	False	False
PH3B0_CH025	16	53393883	54866095	CD__CAD	0	1	False	False	False	False
PH3B0_CH025	16	53393883	54866095	CD__T2D	0	1	False	False	False	False
PH3B0_CH025	16	53393883	54866095	PsA__BMI	0	1	False	False	False	False
PH3B0_CH025	16	53393883	54866095	PsA__CAD	0	1	False	False	False	False
PH3B0_CH025	16	53393883	54866095	PsA__T2D	0	1	False	False	False	False
PH3B0_CH025	16	53393883	54866095	UC__BMI	0	1	False	False	False	False
PH3B0_CH025	16	53393883	54866095	UC__CAD	0	1	False	False	False	False
PH3B0_CH025	16	53393883	54866095	UC__T2D	0	1	False	False	False	False
PH3B0_CH025	16	53393883	54866095	CD__Anxiety	0	1	False	False	False	False
PH3B0_CH025	16	53393883	54866095	CD__MDD	0	1	False	False	False	False
PH3B0_CH025	16	53393883	54866095	CD__PTSD	0	1	False	False	False	False
PH3B0_CH025	16	53393883	54866095	PsA__Anxiety	0	1	False	False	False	False
PH3B0_CH025	16	53393883	54866095	PsA__MDD	0	1	False	False	False	False
PH3B0_CH025	16	53393883	54866095	PsA__PTSD	0	1	False	False	False	False
PH3B0_CH025	16	53393883	54866095	UC__Anxiety	0	1	False	False	False	False
PH3B0_CH025	16	53393883	54866095	UC__MDD	0	1	False	False	False	False
PH3B0_CH025	16	53393883	54866095	UC__PTSD	0	1	False	False	False	False
PH3B0_CH025	16	53393883	54866095	BMI__Anxiety	0	1	False	False	False	False
PH3B0_CH025	16	53393883	54866095	BMI__MDD	1	1	False	False	False	False
PH3B0_CH025	16	53393883	54866095	BMI__PTSD	0	1	False	False	False	False
PH3B0_CH025	16	53393883	54866095	CAD__Anxiety	0	1	False	False	False	False
PH3B0_CH025	16	53393883	54866095	CAD__MDD	0	1	False	False	False	False
PH3B0_CH025	16	53393883	54866095	CAD__PTSD	0	1	False	False	False	False
PH3B0_CH025	16	53393883	54866095	T2D__Anxiety	0	1	False	False	False	False
PH3B0_CH025	16	53393883	54866095	T2D__MDD	0	1	False	False	False	False
PH3B0_CH025	16	53393883	54866095	T2D__PTSD	0	1	False	False	False	False
PH3B0_CH034	17	1480057	2699135	CD__BMI	0	1	False	False	False	False
PH3B0_CH034	17	1480057	2699135	CD__CAD	0	1	False	False	False	False
PH3B0_CH034	17	1480057	2699135	CD__T2D	0	1	False	False	False	False
PH3B0_CH034	17	1480057	2699135	PsA__BMI	0	1	False	False	False	False
PH3B0_CH034	17	1480057	2699135	PsA__CAD	0	1	False	False	False	False
PH3B0_CH034	17	1480057	2699135	PsA__T2D	0	1	False	False	False	False
PH3B0_CH034	17	1480057	2699135	UC__BMI	0	1	False	False	False	False
PH3B0_CH034	17	1480057	2699135	UC__CAD	0	1	False	False	False	False
PH3B0_CH034	17	1480057	2699135	UC__T2D	0	1	False	False	False	False
PH3B0_CH034	17	1480057	2699135	CD__Anxiety	0	1	False	False	False	False
PH3B0_CH034	17	1480057	2699135	CD__MDD	0	1	False	False	False	False
PH3B0_CH034	17	1480057	2699135	CD__PTSD	0	1	False	False	False	False
PH3B0_CH034	17	1480057	2699135	PsA__Anxiety	0	1	False	False	False	False
PH3B0_CH034	17	1480057	2699135	PsA__MDD	0	1	False	False	False	False
PH3B0_CH034	17	1480057	2699135	PsA__PTSD	0	1	False	False	False	False
PH3B0_CH034	17	1480057	2699135	UC__Anxiety	0	1	False	False	False	False
PH3B0_CH034	17	1480057	2699135	UC__MDD	0	1	False	False	False	False
PH3B0_CH034	17	1480057	2699135	UC__PTSD	0	1	False	False	False	False
PH3B0_CH034	17	1480057	2699135	BMI__Anxiety	0	1	False	False	False	False
PH3B0_CH034	17	1480057	2699135	BMI__MDD	0	1	False	False	False	False
PH3B0_CH034	17	1480057	2699135	BMI__PTSD	0	1	False	False	False	False
PH3B0_CH034	17	1480057	2699135	CAD__Anxiety	0	1	False	False	False	False
PH3B0_CH034	17	1480057	2699135	CAD__MDD	1	1	False	False	False	False
PH3B0_CH034	17	1480057	2699135	CAD__PTSD	0	1	False	False	False	False
PH3B0_CH034	17	1480057	2699135	T2D__Anxiety	0	1	False	False	False	False
PH3B0_CH034	17	1480057	2699135	T2D__MDD	0	1	False	False	False	False
PH3B0_CH034	17	1480057	2699135	T2D__PTSD	0	1	False	False	False	False
PH3B0_CH026	17	7264459	8554763	CD__BMI	0	1	False	False	False	False
PH3B0_CH026	17	7264459	8554763	CD__CAD	0	1	False	False	False	False
PH3B0_CH026	17	7264459	8554763	CD__T2D	0	1	False	False	False	False
PH3B0_CH026	17	7264459	8554763	PsA__BMI	0	1	False	False	False	False
PH3B0_CH026	17	7264459	8554763	PsA__CAD	0	1	False	False	False	False
PH3B0_CH026	17	7264459	8554763	PsA__T2D	0	1	False	False	False	False
PH3B0_CH026	17	7264459	8554763	UC__BMI	0	1	False	False	False	False
PH3B0_CH026	17	7264459	8554763	UC__CAD	0	1	False	False	False	False
PH3B0_CH026	17	7264459	8554763	UC__T2D	0	1	False	False	False	False
PH3B0_CH026	17	7264459	8554763	CD__Anxiety	0	1	False	False	False	False
PH3B0_CH026	17	7264459	8554763	CD__MDD	0	1	False	False	False	False
PH3B0_CH026	17	7264459	8554763	CD__PTSD	0	1	False	False	False	False
PH3B0_CH026	17	7264459	8554763	PsA__Anxiety	0	1	False	False	False	False
PH3B0_CH026	17	7264459	8554763	PsA__MDD	0	1	False	False	False	False
PH3B0_CH026	17	7264459	8554763	PsA__PTSD	0	1	False	False	False	False
PH3B0_CH026	17	7264459	8554763	UC__Anxiety	0	1	False	False	False	False
PH3B0_CH026	17	7264459	8554763	UC__MDD	0	1	False	False	False	False
PH3B0_CH026	17	7264459	8554763	UC__PTSD	0	1	False	False	False	False
PH3B0_CH026	17	7264459	8554763	BMI__Anxiety	0	1	False	False	False	False
PH3B0_CH026	17	7264459	8554763	BMI__MDD	1	1	False	False	False	False
PH3B0_CH026	17	7264459	8554763	BMI__PTSD	0	1	False	False	False	False
PH3B0_CH026	17	7264459	8554763	CAD__Anxiety	0	1	False	False	False	False
PH3B0_CH026	17	7264459	8554763	CAD__MDD	0	1	False	False	False	False
PH3B0_CH026	17	7264459	8554763	CAD__PTSD	0	1	False	False	False	False
PH3B0_CH026	17	7264459	8554763	T2D__Anxiety	0	1	False	False	False	False
PH3B0_CH026	17	7264459	8554763	T2D__MDD	0	1	False	False	False	False
PH3B0_CH026	17	7264459	8554763	T2D__PTSD	0	1	False	False	False	False
PH3B0_CH005	18	51060987	53762996	CD__BMI	0	2	False	True	False	False
PH3B0_CH005	18	51060987	53762996	CD__CAD	0	2	False	True	False	False
PH3B0_CH005	18	51060987	53762996	CD__T2D	0	2	False	True	False	False
PH3B0_CH005	18	51060987	53762996	PsA__BMI	0	2	False	True	False	False
PH3B0_CH005	18	51060987	53762996	PsA__CAD	0	2	False	True	False	False
PH3B0_CH005	18	51060987	53762996	PsA__T2D	0	2	False	True	False	False
PH3B0_CH005	18	51060987	53762996	UC__BMI	0	2	False	True	False	False
PH3B0_CH005	18	51060987	53762996	UC__CAD	0	2	False	True	False	False
PH3B0_CH005	18	51060987	53762996	UC__T2D	0	2	False	True	False	False
PH3B0_CH005	18	51060987	53762996	CD__Anxiety	0	2	False	True	False	False
PH3B0_CH005	18	51060987	53762996	CD__MDD	0	2	False	True	False	False
PH3B0_CH005	18	51060987	53762996	CD__PTSD	0	2	False	True	False	False
PH3B0_CH005	18	51060987	53762996	PsA__Anxiety	0	2	False	True	False	False
PH3B0_CH005	18	51060987	53762996	PsA__MDD	0	2	False	True	False	False
PH3B0_CH005	18	51060987	53762996	PsA__PTSD	0	2	False	True	False	False
PH3B0_CH005	18	51060987	53762996	UC__Anxiety	0	2	False	True	False	False
PH3B0_CH005	18	51060987	53762996	UC__MDD	0	2	False	True	False	False
PH3B0_CH005	18	51060987	53762996	UC__PTSD	0	2	False	True	False	False
PH3B0_CH005	18	51060987	53762996	BMI__Anxiety	1	2	False	True	False	False
PH3B0_CH005	18	51060987	53762996	BMI__MDD	1	2	False	True	False	False
PH3B0_CH005	18	51060987	53762996	BMI__PTSD	0	2	False	True	False	False
PH3B0_CH005	18	51060987	53762996	CAD__Anxiety	0	2	False	True	False	False
PH3B0_CH005	18	51060987	53762996	CAD__MDD	0	2	False	True	False	False
PH3B0_CH005	18	51060987	53762996	CAD__PTSD	0	2	False	True	False	False
PH3B0_CH005	18	51060987	53762996	T2D__Anxiety	0	2	False	True	False	False
PH3B0_CH005	18	51060987	53762996	T2D__MDD	0	2	False	True	False	False
PH3B0_CH005	18	51060987	53762996	T2D__PTSD	0	2	False	True	False	False
PH3B0_CH044	19	17750519	18504867	CD__BMI	0	1	False	False	False	False
PH3B0_CH044	19	17750519	18504867	CD__CAD	1	1	False	False	False	False
PH3B0_CH044	19	17750519	18504867	CD__T2D	0	1	False	False	False	False
PH3B0_CH044	19	17750519	18504867	PsA__BMI	0	1	False	False	False	False
PH3B0_CH044	19	17750519	18504867	PsA__CAD	0	1	False	False	False	False
PH3B0_CH044	19	17750519	18504867	PsA__T2D	0	1	False	False	False	False
PH3B0_CH044	19	17750519	18504867	UC__BMI	0	1	False	False	False	False
PH3B0_CH044	19	17750519	18504867	UC__CAD	0	1	False	False	False	False
PH3B0_CH044	19	17750519	18504867	UC__T2D	0	1	False	False	False	False
PH3B0_CH044	19	17750519	18504867	CD__Anxiety	0	1	False	False	False	False
PH3B0_CH044	19	17750519	18504867	CD__MDD	0	1	False	False	False	False
PH3B0_CH044	19	17750519	18504867	CD__PTSD	0	1	False	False	False	False
PH3B0_CH044	19	17750519	18504867	PsA__Anxiety	0	1	False	False	False	False
PH3B0_CH044	19	17750519	18504867	PsA__MDD	0	1	False	False	False	False
PH3B0_CH044	19	17750519	18504867	PsA__PTSD	0	1	False	False	False	False
PH3B0_CH044	19	17750519	18504867	UC__Anxiety	0	1	False	False	False	False
PH3B0_CH044	19	17750519	18504867	UC__MDD	0	1	False	False	False	False
PH3B0_CH044	19	17750519	18504867	UC__PTSD	0	1	False	False	False	False
PH3B0_CH044	19	17750519	18504867	BMI__Anxiety	0	1	False	False	False	False
PH3B0_CH044	19	17750519	18504867	BMI__MDD	0	1	False	False	False	False
PH3B0_CH044	19	17750519	18504867	BMI__PTSD	0	1	False	False	False	False
PH3B0_CH044	19	17750519	18504867	CAD__Anxiety	0	1	False	False	False	False
PH3B0_CH044	19	17750519	18504867	CAD__MDD	0	1	False	False	False	False
PH3B0_CH044	19	17750519	18504867	CAD__PTSD	0	1	False	False	False	False
PH3B0_CH044	19	17750519	18504867	T2D__Anxiety	0	1	False	False	False	False
PH3B0_CH044	19	17750519	18504867	T2D__MDD	0	1	False	False	False	False
PH3B0_CH044	19	17750519	18504867	T2D__PTSD	0	1	False	False	False	False
PH3B0_CH055	19	31763009	33028099	CD__BMI	0	1	False	False	False	False
PH3B0_CH055	19	31763009	33028099	CD__CAD	0	1	False	False	False	False
PH3B0_CH055	19	31763009	33028099	CD__T2D	0	1	False	False	False	False
PH3B0_CH055	19	31763009	33028099	PsA__BMI	0	1	False	False	False	False
PH3B0_CH055	19	31763009	33028099	PsA__CAD	0	1	False	False	False	False
PH3B0_CH055	19	31763009	33028099	PsA__T2D	0	1	False	False	False	False
PH3B0_CH055	19	31763009	33028099	UC__BMI	0	1	False	False	False	False
PH3B0_CH055	19	31763009	33028099	UC__CAD	0	1	False	False	False	False
PH3B0_CH055	19	31763009	33028099	UC__T2D	0	1	False	False	False	False
PH3B0_CH055	19	31763009	33028099	CD__Anxiety	0	1	False	False	False	False
PH3B0_CH055	19	31763009	33028099	CD__MDD	0	1	False	False	False	False
PH3B0_CH055	19	31763009	33028099	CD__PTSD	0	1	False	False	False	False
PH3B0_CH055	19	31763009	33028099	PsA__Anxiety	0	1	False	False	False	False
PH3B0_CH055	19	31763009	33028099	PsA__MDD	0	1	False	False	False	False
PH3B0_CH055	19	31763009	33028099	PsA__PTSD	0	1	False	False	False	False
PH3B0_CH055	19	31763009	33028099	UC__Anxiety	0	1	False	False	False	False
PH3B0_CH055	19	31763009	33028099	UC__MDD	0	1	False	False	False	False
PH3B0_CH055	19	31763009	33028099	UC__PTSD	0	1	False	False	False	False
PH3B0_CH055	19	31763009	33028099	BMI__Anxiety	0	1	False	False	False	False
PH3B0_CH055	19	31763009	33028099	BMI__MDD	0	1	False	False	False	False
PH3B0_CH055	19	31763009	33028099	BMI__PTSD	0	1	False	False	False	False
PH3B0_CH055	19	31763009	33028099	CAD__Anxiety	0	1	False	False	False	False
PH3B0_CH055	19	31763009	33028099	CAD__MDD	0	1	False	False	False	False
PH3B0_CH055	19	31763009	33028099	CAD__PTSD	0	1	False	False	False	False
PH3B0_CH055	19	31763009	33028099	T2D__Anxiety	0	1	False	False	False	False
PH3B0_CH055	19	31763009	33028099	T2D__MDD	1	1	False	False	False	False
PH3B0_CH055	19	31763009	33028099	T2D__PTSD	0	1	False	False	False	False
PH3B0_CH027	20	44072211	45673603	CD__BMI	0	1	False	False	False	False
PH3B0_CH027	20	44072211	45673603	CD__CAD	0	1	False	False	False	False
PH3B0_CH027	20	44072211	45673603	CD__T2D	0	1	False	False	False	False
PH3B0_CH027	20	44072211	45673603	PsA__BMI	0	1	False	False	False	False
PH3B0_CH027	20	44072211	45673603	PsA__CAD	0	1	False	False	False	False
PH3B0_CH027	20	44072211	45673603	PsA__T2D	0	1	False	False	False	False
PH3B0_CH027	20	44072211	45673603	UC__BMI	0	1	False	False	False	False
PH3B0_CH027	20	44072211	45673603	UC__CAD	0	1	False	False	False	False
PH3B0_CH027	20	44072211	45673603	UC__T2D	0	1	False	False	False	False
PH3B0_CH027	20	44072211	45673603	CD__Anxiety	0	1	False	False	False	False
PH3B0_CH027	20	44072211	45673603	CD__MDD	0	1	False	False	False	False
PH3B0_CH027	20	44072211	45673603	CD__PTSD	0	1	False	False	False	False
PH3B0_CH027	20	44072211	45673603	PsA__Anxiety	0	1	False	False	False	False
PH3B0_CH027	20	44072211	45673603	PsA__MDD	0	1	False	False	False	False
PH3B0_CH027	20	44072211	45673603	PsA__PTSD	0	1	False	False	False	False
PH3B0_CH027	20	44072211	45673603	UC__Anxiety	0	1	False	False	False	False
PH3B0_CH027	20	44072211	45673603	UC__MDD	0	1	False	False	False	False
PH3B0_CH027	20	44072211	45673603	UC__PTSD	0	1	False	False	False	False
PH3B0_CH027	20	44072211	45673603	BMI__Anxiety	0	1	False	False	False	False
PH3B0_CH027	20	44072211	45673603	BMI__MDD	1	1	False	False	False	False
PH3B0_CH027	20	44072211	45673603	BMI__PTSD	0	1	False	False	False	False
PH3B0_CH027	20	44072211	45673603	CAD__Anxiety	0	1	False	False	False	False
PH3B0_CH027	20	44072211	45673603	CAD__MDD	0	1	False	False	False	False
PH3B0_CH027	20	44072211	45673603	CAD__PTSD	0	1	False	False	False	False
PH3B0_CH027	20	44072211	45673603	T2D__Anxiety	0	1	False	False	False	False
PH3B0_CH027	20	44072211	45673603	T2D__MDD	0	1	False	False	False	False
PH3B0_CH027	20	44072211	45673603	T2D__PTSD	0	1	False	False	False	False
PH3B0_CH028	20	50653621	51533750	CD__BMI	0	1	False	False	False	False
PH3B0_CH028	20	50653621	51533750	CD__CAD	0	1	False	False	False	False
PH3B0_CH028	20	50653621	51533750	CD__T2D	0	1	False	False	False	False
PH3B0_CH028	20	50653621	51533750	PsA__BMI	0	1	False	False	False	False
PH3B0_CH028	20	50653621	51533750	PsA__CAD	0	1	False	False	False	False
PH3B0_CH028	20	50653621	51533750	PsA__T2D	0	1	False	False	False	False
PH3B0_CH028	20	50653621	51533750	UC__BMI	0	1	False	False	False	False
PH3B0_CH028	20	50653621	51533750	UC__CAD	0	1	False	False	False	False
PH3B0_CH028	20	50653621	51533750	UC__T2D	0	1	False	False	False	False
PH3B0_CH028	20	50653621	51533750	CD__Anxiety	0	1	False	False	False	False
PH3B0_CH028	20	50653621	51533750	CD__MDD	0	1	False	False	False	False
PH3B0_CH028	20	50653621	51533750	CD__PTSD	0	1	False	False	False	False
PH3B0_CH028	20	50653621	51533750	PsA__Anxiety	0	1	False	False	False	False
PH3B0_CH028	20	50653621	51533750	PsA__MDD	0	1	False	False	False	False
PH3B0_CH028	20	50653621	51533750	PsA__PTSD	0	1	False	False	False	False
PH3B0_CH028	20	50653621	51533750	UC__Anxiety	0	1	False	False	False	False
PH3B0_CH028	20	50653621	51533750	UC__MDD	0	1	False	False	False	False
PH3B0_CH028	20	50653621	51533750	UC__PTSD	0	1	False	False	False	False
PH3B0_CH028	20	50653621	51533750	BMI__Anxiety	0	1	False	False	False	False
PH3B0_CH028	20	50653621	51533750	BMI__MDD	1	1	False	False	False	False
PH3B0_CH028	20	50653621	51533750	BMI__PTSD	0	1	False	False	False	False
PH3B0_CH028	20	50653621	51533750	CAD__Anxiety	0	1	False	False	False	False
PH3B0_CH028	20	50653621	51533750	CAD__MDD	0	1	False	False	False	False
PH3B0_CH028	20	50653621	51533750	CAD__PTSD	0	1	False	False	False	False
PH3B0_CH028	20	50653621	51533750	T2D__Anxiety	0	1	False	False	False	False
PH3B0_CH028	20	50653621	51533750	T2D__MDD	0	1	False	False	False	False
PH3B0_CH028	20	50653621	51533750	T2D__PTSD	0	1	False	False	False	False
